AntrenorAdi,KosuAdet,derece1,derece2,derece3,derece4,derece5,derece1yuzde,derece2yuzde,derece3yuzde,derece4yuzde,derece5yuzde
İBRAHİM BEKİROĞULLARI,5715,1144,880,715,645,565,20,15,13,11,10
ŞEFİK AYDEMİR,4268,620,510,471,477,442,15,12,11,11,10
KAZIM YILDIZ,6865,590,603,575,670,693,9,9,8,10,10
SERDAR VEYSEL KAYA,5989,570,603,560,570,564,10,10,9,10,9
ADEM GÜVEN,4955,550,523,577,505,504,11,11,12,10,10
AHMET AKBULUT,4065,546,496,492,435,398,13,12,12,11,10
ABDULLAH TEMİZER,5994,533,589,541,494,548,9,10,9,8,9
CUMA DEMİR,3751,527,497,450,443,370,14,13,12,12,10
MEHMET KAYA,5520,503,546,561,578,554,9,10,10,10,10
KAMİL ARDA,3226,491,398,361,347,325,15,12,11,11,10
SABRİ ARSLAN,4561,483,475,453,515,415,11,10,10,11,9
AHMET ELÇİN KARAKURT,4669,472,464,459,474,462,10,10,10,10,10
HAKAN YÜZBAŞI,2963,464,420,342,331,290,16,14,12,11,10
AHMET ÖCAL,4615,455,444,476,482,444,10,10,10,10,10
HAKAN CANSU,5825,446,486,525,523,563,8,8,9,9,10
MURAT TÜRKOĞLU,6328,445,462,550,588,602,7,7,9,9,10
CASIM KATI,4506,445,479,515,530,495,10,11,11,12,11
MEHMET ARSLAN,4311,429,450,446,419,430,10,10,10,10,10
ADİL YILMAZ,2826,428,372,311,301,234,15,13,11,11,8
RAMAZAN TAŞDELEN,3283,426,371,396,364,341,13,11,12,11,10
NURULLAH GÜVEN,4561,414,443,436,447,439,9,10,10,10,10
ÜMİT ARSLAN,3321,407,383,345,352,334,12,12,10,11,10
BAHATTİN DAĞ,2519,405,320,295,250,264,16,13,12,10,10
EMİN KARATAŞ,2761,399,338,325,300,296,14,12,12,11,11
ALPER CİĞER,2934,396,336,302,349,291,13,11,10,12,10
AYTEKİN COŞKAN,2732,396,332,339,297,257,14,12,12,11,9
FATİH EMİR AKIL,3781,391,335,369,345,318,10,9,10,9,8
HÜSEYİN KARATAŞ,3310,388,369,341,329,321,12,11,10,10,10
ALİCAN ÖKSÜZLER,3686,386,360,377,350,367,10,10,10,9,10
YAŞAR DEMİR,3526,385,381,395,349,360,11,11,11,10,10
ALİ RIZA AYDIN,4416,382,418,405,417,413,9,9,9,9,9
SAİT ÇELİK,4476,378,386,398,386,411,8,9,9,9,9
DURAN TEKELİ,3735,377,343,369,360,339,10,9,10,10,9
AZİZ BOZKURT,4065,370,383,367,376,400,9,9,9,9,10
İBRAHİM ÇAK,2670,361,344,293,265,288,14,13,11,10,11
ERDAL ÇEŞME,4957,361,388,426,483,553,7,8,9,10,11
YASİN DEMİRKIRAN,2704,359,359,337,284,277,13,13,12,11,10
RASİM TETİK,3249,355,392,332,357,328,11,12,10,11,10
NİHAT KAYA,3695,354,354,391,363,384,10,10,11,10,10
MELİH MEHMET İNAL,3682,352,380,332,346,364,10,10,9,9,10
VEDAT ÖNDER,3721,352,367,374,369,372,9,10,10,10,10
GÖKHAN BALTA,4079,350,332,377,345,347,9,8,9,8,9
RAMAZAN COŞKUN,4406,348,380,424,420,459,8,9,10,10,10
CUMA ÇİÇEK,2869,347,322,326,284,262,12,11,11,10,9
AYKUT ECEVİT BAŞ,3727,344,352,384,387,419,9,9,10,10,11
TAHİR KURT,2947,335,316,347,301,293,11,11,12,10,10
ABDULHAMİT YARDIMCI,4455,332,356,376,412,397,7,8,8,9,9
ERHAN DIBLEN,2656,332,243,260,255,269,12,9,10,10,10
MEHMET ÖCAL,3811,328,323,369,342,359,9,8,10,9,9
KEMAL DEMİR,2339,325,306,245,262,210,14,13,10,11,9
SELÇUK TAŞBEK,2309,312,289,267,272,264,14,13,12,12,11
SABAHATTİN KONUK,4076,295,307,316,334,347,7,8,8,8,9
HASAN ALTUNBAŞ,2937,291,266,283,317,288,10,9,10,11,10
SABRİ BEKTAŞ,2562,287,277,289,293,256,11,11,11,11,10
SABİT EREN,2001,282,253,234,226,187,14,13,12,11,9
ABDULGAFAR TOPRAK,3521,275,318,300,282,329,8,9,9,8,9
ÜMÜT BULUT,2388,262,243,238,242,226,11,10,10,10,9
ABDULLAH ÇİFTÇİ,2330,256,255,268,278,250,11,11,12,12,11
MAHMUT BAYKARA,2473,252,272,303,263,299,10,11,12,11,12
BEDRİ AKBULUT,1785,246,215,232,182,199,14,12,13,10,11
SİBEL AKCI,2879,245,215,221,259,277,9,7,8,9,10
BAVER FAHRİOĞLU,2439,245,228,240,251,232,10,9,10,10,10
ALİ BOZKURT,2484,242,234,266,259,226,10,9,11,10,9
BATUHAN TURGUL,1802,242,230,243,200,195,13,13,13,11,11
ÜMÜT BÖLEK,2792,238,252,257,247,272,9,9,9,9,10
İBRAHİM HALİL BAYDAN,2555,235,256,263,278,268,9,10,10,11,10
VELİ AKBULUT,1495,234,256,186,168,143,16,17,12,11,10
ALPER TEPEBAŞI,1239,234,215,162,157,118,19,17,13,13,10
MEHMET SEMİR TAŞBEK,1353,232,163,163,134,124,17,12,12,10,9
BAŞOL ÖZGÜR,3559,227,290,315,341,321,6,8,9,10,9
BAHAR GÖK,2314,227,197,227,218,238,10,9,10,9,10
HAKAN HARMANBAŞI,2071,221,198,201,224,212,11,10,10,11,10
MEHMET ALİ SUBAY,1945,218,213,194,192,189,11,11,10,10,10
SABAHATTİN TEKDOĞAN,1950,217,210,188,191,182,11,11,10,10,9
FETHİ AHMET YEŞİLBUDAK,2238,206,192,198,218,222,9,9,9,10,10
MEHMET AKBULUT,1458,204,189,178,157,144,14,13,12,11,10
BURAK AKYOL,2763,200,220,264,273,277,7,8,10,10,10
TURGUT İBİŞ,1498,196,191,179,177,157,13,13,12,12,10
MEHMET BULUT,1574,193,158,175,160,161,12,10,11,10,10
MESUT BATMAN,2201,190,194,201,226,207,9,9,9,10,9
ENGİN BEKİROĞULLARI,1572,187,137,141,129,146,12,9,9,8,9
İBRAHİM ESER,1755,186,172,183,180,172,11,10,10,10,10
BEGÜM GÜL,1310,186,159,133,151,145,14,12,10,12,11
BEYDA TANRIKULU,1996,177,186,229,235,205,9,9,11,12,10
HACİ ALTUNBAŞ,1631,175,189,181,179,163,11,12,11,11,10
ABDULKADİR GÜRGÖZE,2285,174,178,183,173,181,8,8,8,8,8
HASAN BAĞDAN,2042,172,188,176,186,165,8,9,9,9,8
BÜLENT ONARIR,1636,170,203,153,166,157,10,12,9,10,10
CENGİZ TEKİN KÖSE,5561,428,461,562,589,604,8,8,10,11,11
YAŞAR ARSLANCA,2991,322,308,324,322,303,11,10,11,11,10
MEHMET YÜCEDAĞ,4061,302,349,384,371,355,7,9,9,9,9
MUHARREM CAN,2370,297,264,223,230,199,13,11,9,10,8
CENGİZ AYDOĞAN,2977,296,305,309,269,266,10,10,10,9,9
CEMİL TURAN,2708,286,288,275,261,274,11,11,10,10,10
EYYÜP YARDIMCI,2554,283,315,293,299,250,11,12,11,12,10
CUMA YILDIRIM,2379,272,255,240,225,225,11,11,10,9,9
CUMA GÜNEŞ,2431,264,272,263,262,228,11,11,11,11,9
MÜCAHİT KAYA,1723,264,221,227,211,188,15,13,13,12,11
AHMET EMİN AVCI,1984,262,187,184,178,166,13,9,9,9,8
MUHİTTİN ACAR,3010,261,308,319,304,299,9,10,11,10,10
MÜSLÜM YARDIMCI,3301,239,295,327,294,304,7,9,10,9,9
SAİM KERESTECİ,1740,236,230,225,215,213,14,13,13,12,12
ERKUT KOCA,2939,236,281,253,250,303,8,10,9,9,10
RACİ ATLI,3086,229,277,281,296,290,7,9,9,10,9
CENK ŞAMLI,2083,222,223,231,214,237,11,11,11,10,11
CUDİ ÖZKAN,2163,217,236,195,188,209,10,11,9,9,10
TUNCAY PELEN,1867,216,199,196,210,180,12,11,10,11,10
ULVİ YOĞURTCU,2408,215,209,219,224,259,9,9,9,9,11
HAKKI TARIK DİKENCİK,2421,211,202,251,234,254,9,8,10,10,10
TEZCAN TAŞAR,1469,202,187,184,188,169,14,13,13,13,12
NESİH CAMUZ,1849,194,182,163,176,159,10,10,9,10,9
MEHMET KARACA,3294,193,218,245,256,287,6,7,7,8,9
UĞUR KARAKOCA,1266,192,174,150,124,115,15,14,12,10,9
MAHMUT YARDIMCI,2143,188,214,226,197,224,9,10,11,9,10
TAŞKIN AVCI,1726,188,207,178,193,185,11,12,10,11,11
MEHMET ALİ İNCESOY,2258,182,194,195,208,207,8,9,9,9,9
TUNCAY KANTARMACI,1084,165,156,166,117,108,15,14,15,11,10
VAROL KELLECİ,1610,164,188,165,191,162,10,12,10,12,10
YUNUS TUNCAY,2688,164,202,247,259,309,6,8,9,10,11
ERCAN ATEŞ,1156,160,150,132,129,126,14,13,11,11,11
SONER KOYUNCU,1825,157,153,168,160,131,9,8,9,9,7
CAFER ÖZBEK,2061,155,206,185,197,192,8,10,9,10,9
TURGAY ÇEKİCİ,2298,155,170,204,225,209,7,7,9,10,9
ERTAN ACER,1858,151,169,178,173,170,8,9,10,9,9
ŞAKİR ÇELİK,2825,323,338,287,290,290,11,12,10,10,10
MUZAFFER KILIÇSEREN,3033,312,290,318,283,299,10,10,10,9,10
VELİ ÇİZİK,3710,305,319,353,349,331,8,9,10,9,9
AYDIN KÜÇÜKAKSOY,2469,289,317,285,283,292,12,13,12,11,12
ENVER KOÇAK,2171,285,243,224,271,208,13,11,10,12,10
ÖMER ALAÇAM,2172,284,274,247,239,257,13,13,11,11,12
SEYİT GÖKÇE,2174,277,288,270,247,246,13,13,12,11,11
ŞÜKRÜ ÇELİK,2703,269,236,248,278,266,10,9,9,10,10
İSMET AKKILIÇ,1729,258,242,166,169,172,15,14,10,10,10
YASEMİN KARAKÜÇÜK,2584,254,256,263,257,280,10,10,10,10,11
SEDAT ÇİFTÇİ,2729,250,234,237,285,253,9,9,9,10,9
ALİ ÇAY,1864,246,250,231,214,197,13,13,12,11,11
METİN SAÇAN,1778,245,233,255,175,160,14,13,14,10,9
ZAFER TEMUÇİN,1755,237,205,170,180,176,14,12,10,10,10
RAMAZAN ÇİNAR,2504,234,234,253,231,237,9,9,10,9,9
EMİN TOKÇALAR,1737,220,188,194,203,179,13,11,11,12,10
MEHMET YAVUZ KILINÇ,1809,207,186,203,212,174,11,10,11,12,10
MUZAFFER UÇAR,2013,204,174,224,201,202,10,9,11,10,10
SEÇKİN YANIK,2070,195,188,189,187,192,9,9,9,9,9
ERGÜN ÇETİNKURT,1592,194,184,154,165,148,12,12,10,10,9
ESMA ÇETİN,1199,192,156,132,127,111,16,13,11,11,9
HÜSEYİN ÇALIŞKAN,2285,190,219,231,210,218,8,10,10,9,10
EKREM ÇİLEK,2251,187,199,215,222,234,8,9,10,10,10
MEHMET YALÇIN,1870,182,188,179,177,179,10,10,10,9,10
ATİLLA GÖKÇE,2454,180,173,174,192,240,7,7,7,8,10
AYHAN DİNÇ,3335,179,219,293,306,353,5,7,9,9,11
MÜDEHET GÖKÇE,1775,177,177,167,183,162,10,10,9,10,9
ALİ SAÇAN,1965,177,217,198,180,171,9,11,10,9,9
ÇETİN ÖZDİL,2052,176,199,187,184,208,9,10,9,9,10
YUSUF AÇIL,1816,175,162,174,188,159,10,9,10,10,9
MURAT KILINÇ,1878,174,179,145,144,167,9,10,8,8,9
YASİN TOPÇU,2469,173,215,184,204,228,7,9,7,8,9
MURAT AKKILIÇ,1107,172,140,116,134,118,16,13,10,12,11
FİKRET ÇELTİK,1444,169,165,170,140,140,12,11,12,10,10
SÖNMEZ BİLGİÇ,750,166,115,100,91,83,22,15,13,12,11
NEDİM KÖÇKEN,1702,165,157,180,170,179,10,9,11,10,11
TURĞUT ÇİZİK,1994,163,201,153,169,193,8,10,8,8,10
EMRAH ÇUKURKAŞ,2060,162,191,179,195,216,8,9,9,9,10
MEHMET KAZİM ÇİZİK,1661,159,148,160,160,162,10,9,10,10,10
MEHMET ÇAY,699,158,101,103,83,67,23,14,15,12,10
MEHMET AKKILIÇ,1442,155,145,122,121,123,11,10,8,8,9
MEHMET ÇAM,1482,154,154,165,142,146,10,10,11,10,10
FERDİ GEYİK,3199,337,280,294,322,315,11,9,9,10,10
ŞEFİK ÖZDENİZ,3164,326,345,338,332,309,10,11,11,10,10
FEHMİ DEMİR,3911,323,380,383,361,372,8,10,10,9,10
ASIM DUTAL,2660,312,284,256,281,244,12,11,10,11,9
YAVUZ AKDAŞ,3774,294,328,371,378,352,8,9,10,10,9
NİHAT YILDIRIM,2970,285,296,255,237,292,10,10,9,8,10
KASIM DEMİR,3096,278,279,288,286,276,9,9,9,9,9
DILŞA KAYA,1801,271,240,198,196,196,15,13,11,11,11
ALİ ENDER ALKIŞ,3370,267,282,313,309,318,8,8,9,9,9
RAMAZAN TAŞDEMİR,1411,242,201,171,159,152,17,14,12,11,11
MUHAMMED KARALI,3071,242,231,269,250,270,8,8,9,8,9
SADETTİN MUTLU,1835,238,208,199,157,173,13,11,11,9,9
HALİS YILDIZ,1921,234,209,216,198,197,12,11,11,10,10
MAHİR YILDIRIM,1447,224,218,173,165,145,15,15,12,11,10
SATILMIŞ GÖKDEMİR,1403,224,182,161,178,146,16,13,11,13,10
ZEKERİYA AKDEMİR,1677,222,162,157,158,157,13,10,9,9,9
MAHMUT DOĞAN,2560,219,220,201,236,224,9,9,8,9,9
METİN ÖZDİL,1834,216,199,193,164,182,12,11,11,9,10
ENVER MUTLU,5107,459,470,501,479,530,9,9,10,9,10
MELEK ÖZGÜL,4779,388,411,411,477,473,8,9,9,10,10
MEHMET GÜNEŞ,3744,343,318,355,365,347,9,8,9,10,9
EKREM ŞENGEL,2196,330,302,288,252,204,15,14,13,11,9
KENAN KAYALIK,3718,324,372,354,362,355,9,10,10,10,10
MAHMUT ZELYURT,2797,322,303,271,280,290,12,11,10,10,10
YÜKSEL TALUK,3394,320,337,328,327,327,9,10,10,10,10
MUSTAFA ATAL,2971,278,283,279,305,266,9,10,9,10,9
MUSTAFA YİĞİTER,1670,244,211,181,149,135,15,13,11,9,8
FARUK KEMAHLIOĞLU,3230,222,261,307,323,301,7,8,10,10,9
SÜLEYMAN FEHMİ KARAGÖZ,1661,209,168,179,163,150,13,10,11,10,9
YUSUF YILMAZ,2359,206,196,172,218,205,9,8,7,9,9
YUSUF YILDIZ,1807,203,235,185,182,174,11,13,10,10,10
SEFA ARSLAN,1229,178,131,141,152,119,14,11,11,12,10
ZEKİ FIRAT,1753,177,155,196,202,169,10,9,11,12,10
FEHMİ DİZDAROĞLU,2352,172,208,228,228,261,7,9,10,10,11
ZAFER TURĞUL,1301,168,142,135,135,111,13,11,10,10,9
HALUDUN ZAFER BEYAZLAR,1586,163,146,147,184,168,10,9,9,12,11
FARUK SERİNTÜRK,1385,159,136,143,125,138,11,10,10,9,10
ÖMER FARUK TAN,1117,156,148,142,124,104,14,13,13,11,9
MEHMET HANİFİ ELĞAÇ,1168,152,148,138,129,147,13,13,12,11,13
MUSTAFA KAYA,1357,149,165,150,137,142,11,12,11,10,10
MUSTAFA BAYDAN,1660,147,187,164,183,162,9,11,10,11,10
TEVFİK BARDAKCI,947,146,123,125,107,97,15,13,13,11,10
FAİK GÖNÜLTAŞ,846,144,113,81,90,67,17,13,10,11,8
ŞERİF KOÇ,2019,144,158,192,205,253,7,8,10,10,13
MUSTAFA BAYKARA,1510,144,146,128,144,143,10,10,8,10,9
UFUK BİLİK,1212,143,138,140,130,121,12,11,12,11,10
ZÜLFÜ BEKTAŞ,1365,142,143,129,137,143,10,10,9,10,10
MEHMET HANİFİ ESİN,1041,139,123,113,105,106,13,12,11,10,10
İZZET ŞAFAK ÜÇÜNCÜOĞLU,1313,137,149,146,124,145,10,11,11,9,11
NAFİ ASLANSOY,1881,135,153,178,172,187,7,8,9,9,10
ZAFER AVCI,1412,131,145,143,146,155,9,10,10,10,11
ARİF IŞIK,1751,131,186,182,152,165,7,11,10,9,9
AKİF BEKTAŞ,1135,125,132,114,126,116,11,12,10,11,10
ZÜLFÜKAR GÜNELİ,1005,125,132,122,118,104,12,13,12,12,10
HAMİT FİKİR,1007,124,94,78,88,72,12,9,8,9,7
HANİFİ GÜNEŞ,1311,123,136,110,123,142,9,10,8,9,11
ŞAFAK GÜMÜŞ,770,119,100,97,81,80,15,13,13,11,10
FERDİ KİP,918,117,102,110,105,88,13,11,12,11,10
YUSUF BULUT,1009,115,124,126,108,118,11,12,12,11,12
YUNUS İŞGÜZAR,3158,302,299,293,316,320,10,9,9,10,10
ERGÜN USLU,2254,235,256,230,251,234,10,11,10,11,10
İLHAMİ GÜMÜŞ,2227,235,194,221,223,172,11,9,10,10,8
ENGİN KARATAŞ,1406,216,165,161,148,171,15,12,11,11,12
ÖMER GÜNELİ,2881,214,254,264,275,295,7,9,9,10,10
ALİ GÜMÜŞ,1781,199,189,186,180,159,11,11,10,10,9
GANİ HALKATAŞ,2393,195,204,204,233,227,8,9,9,10,9
ATAKAN ŞIVGIN,1297,192,152,142,139,132,15,12,11,11,10
HASAN ERGİN,2249,190,184,204,209,191,8,8,9,9,8
MEHMET GÜNDÜZ,1754,190,170,175,177,157,11,10,10,10,9
DERYA ERGİN,1743,174,166,190,153,165,10,10,11,9,9
NAİM GÜL,1144,169,146,138,107,110,15,13,12,9,10
ALİ SERALP GÜRSAN,1869,165,181,186,178,172,9,10,10,10,9
KAZIM ŞENGEL,1781,160,157,205,180,181,9,9,12,10,10
MURAT GÜLİDE,1417,157,156,147,149,134,11,11,10,11,9
İSMET AKGÜL,1827,155,156,156,181,178,8,9,9,10,10
SÜLEYMAN ÖZGEZER,903,155,139,121,104,84,17,15,13,12,9
REGAİP YILDIZ,1327,154,154,130,137,139,12,12,10,10,10
SERGEN GÖKÇE,1250,153,155,142,130,138,12,12,11,10,11
GÜLTEKİN SUBAŞI,1571,150,154,149,168,175,10,10,9,11,11
TURGAY KANTARMACI,1603,150,154,177,155,159,9,10,11,10,10
MEHMET GÜNDÜZELİ,1054,148,141,124,113,107,14,13,12,11,10
EMİR ERGÖKÇEN,1159,147,123,136,133,118,13,11,12,11,10
TUĞRUL GÜLİDE,1314,145,119,155,112,133,11,9,12,9,10
İLKER KÖROĞLU,2735,271,257,281,284,280,10,9,10,10,10
EKREM PAPAĞAN,1895,270,214,234,194,183,14,11,12,10,10
MEHMET YAPAROĞLU,2499,218,258,242,230,210,9,10,10,9,8
NESİH DOĞAN,1722,208,186,190,176,149,12,11,11,10,9
DOĞAN DURAL,1177,206,163,128,128,107,18,14,11,11,9
SARVEN ZADİK ATİLLA MİNASOĞLU,882,178,124,114,94,101,20,14,13,11,11
İSMAİL ALPUĞUR,2772,175,202,242,254,268,6,7,9,9,10
KEMAL SAĞLAM,1975,167,207,191,200,213,8,10,10,10,11
SERHAT ALTUNDAĞ,1604,165,164,176,192,142,10,10,11,12,9
ALİ AYDOĞAN,903,161,93,101,105,71,18,10,11,12,8
İBRAHİM KIZILDAĞ,1805,154,162,161,161,176,9,9,9,9,10
SİNAN ALTUNDAĞ,2131,146,141,162,182,196,7,7,8,9,9
İSMAİL KARADAĞ,1346,145,157,140,143,132,11,12,10,11,10
YILMAZ GÜNDOĞDİ,1708,143,179,177,161,179,8,10,10,9,10
KAMURAN DOĞANER,1716,139,157,172,141,163,8,9,10,8,9
ALİCAN SONĞUR,1733,136,196,165,160,162,8,11,10,9,9
RESUL AYDOĞAN,1049,134,141,109,112,95,13,13,10,11,9
İSMAİL AĞIRTAŞ,1513,132,116,141,129,142,9,8,9,9,9
MURAT DOĞAN,1173,130,116,132,139,100,11,10,11,12,9
YİĞİT BARIŞ TAŞKAN,1010,125,107,83,102,113,12,11,8,10,11
BEKİR CENGİZ AĞAOĞLU,1976,121,121,172,145,145,6,6,9,7,7
EROL SÖĞÜTLÜ,580,121,89,82,51,57,21,15,14,9,10
SERDAL LASTİKÇİOĞLU,1558,121,132,137,126,141,8,8,9,8,9
AHMET AYDOĞDİ,1117,116,130,140,138,98,10,12,13,12,9
OSMAN GÜNDOĞDİ,1412,112,140,123,150,136,8,10,9,11,10
HARUN DEĞİRMENCİ,1137,111,110,102,113,103,10,10,9,10,9
METİN GÜLENDAĞI,907,104,112,101,92,84,11,12,11,10,9
AHMET BAŞYİĞİT,775,102,83,62,88,79,13,11,8,11,10
MUTULLAH KAYA,2473,294,316,254,264,234,12,13,10,11,9
HALİL ŞİMŞEK,3411,278,266,284,322,278,8,8,8,9,8
HAYRİ ARAN,3837,274,313,315,344,374,7,8,8,9,10
HASAN TOP,2312,245,238,290,258,212,11,10,13,11,9
AYHAN KASAR,2808,240,259,262,304,322,9,9,9,11,11
MEHMET AKKUŞ,2345,233,243,257,266,264,10,10,11,11,11
MEHMET KORKMAZ,2683,231,253,283,300,289,9,9,11,11,11
MAHMUT KEKLİK,2858,229,232,233,243,257,8,8,8,9,9
İSMET TEKİNALP,2538,291,301,326,258,258,11,12,13,10,10
NEJMİ GÜNDÜZ,339,55,48,29,29,32,16,14,9,9,9
HÜSEYİN TANJU YAĞIZ,330,25,34,41,32,38,8,10,12,10,12
H.NEJDET GÖZE,64,14,8,9,11,3,22,12,14,17,5
NEJDET TURAN,154,10,9,17,13,17,6,6,11,8,11
MICHAEL ANDREW JARVIS,7,3,3,0,0,0,43,43,0,0,0
WILLIAM JOHN HAGGAS,7,2,3,1,0,1,29,43,14,0,14
JEAN FRANCOIS BERNARD,7,2,1,2,1,0,29,14,29,14,0
JAMES GIVEN,2,2,0,0,0,0,100,0,0,0,0
JEAN DE MIEULLE,7,2,0,2,0,0,29,0,29,0,0
JEAN PIERRE TOTAIN,7,1,2,1,1,1,14,29,14,14,14
JOHN L.DUNLOP,1,1,0,0,0,0,100,0,0,0,0
MARK STEVEN JOHNSTON,10,1,0,1,1,4,10,0,10,10,40
JERRY HOLLENDORFER,5,1,0,0,0,0,20,0,0,0,0
J.HİLLS,1,0,0,0,0,0,0,0,0,0,0
J.J.BOUTİN,1,0,0,0,0,0,0,0,0,0,0
JOHN LEEPER DUNLOP,1,0,1,0,0,0,0,100,0,0,0
LİCOLAJ LOCTEV,2,0,0,0,0,0,0,0,0,0,0
MÜJDAT ALTINLI,13,0,0,2,4,0,0,0,15,31,0
J.VASİLEV JEKOV,3,0,0,0,1,1,0,0,0,33,33
ERDJHAN E.HACHAM,1,0,0,0,0,0,0,0,0,0,0
ANTHONY J. BRUNTON,1,0,1,0,0,0,0,100,0,0,0
WILLIAM JARVIS,2,0,0,1,0,0,0,0,50,0,0
J.S.MOORE,2,0,0,1,0,0,0,0,50,0,0
J-C ROUGET,1,0,0,0,1,0,0,0,0,100,0
JOHN HILLS,2,0,0,0,0,0,0,0,0,0,0
J.HIRSCHBERGER,1,0,0,0,0,0,0,0,0,0,0
J.A. OSBORNE,2,0,0,0,0,0,0,0,0,0,0
SONER KULAK,2565,276,237,255,276,218,11,9,10,11,8
AVNİ KARAKUŞ,2704,270,279,273,293,268,10,10,10,11,10
YASİN POLAT,1782,197,161,166,170,177,11,9,9,10,10
MURAT AKSOY,1634,181,163,172,151,147,11,10,11,9,9
OSMAN İPEK,1656,164,174,178,164,178,10,11,11,10,11
MEHMET DEMİROL,1747,159,151,149,178,178,9,9,9,10,10
TOLGA TEMİZER,966,145,129,128,103,89,15,13,13,11,9
HASAN BOYRAZ,965,144,128,127,102,86,15,13,13,11,9
OSMAN EKİNCİ,1936,142,159,155,152,179,7,8,8,8,9
OZAN BULUT,1106,141,164,145,140,129,13,15,13,13,12
KEMAL ÖZTÜRK,2145,217,213,184,210,197,10,10,9,10,9
ÖMER ALTIN,1730,189,158,192,164,186,11,9,11,9,11
İBRAHİM ALTINÖZ,1658,168,140,155,163,163,10,8,9,10,10
ÖMER AHMET ALAKUŞTEKİN,2268,151,168,221,210,212,7,7,10,9,9
SERHAT ÖNDER,1443,144,129,138,122,125,10,9,10,8,9
ORKUN ÖZELCANAT,919,136,111,110,95,82,15,12,12,10,9
HÜSEYİN ÖZTOPRAK,2371,134,147,187,196,216,6,6,8,8,9
BURHAN ÖZASLAN,1916,131,148,151,144,181,7,8,8,8,9
SEDAT ÖZÖLKE,1087,129,126,121,118,99,12,12,11,11,9
ŞENOL ÖZGÜR,1585,128,132,156,163,162,8,8,10,10,10
SERDAR SEREN GÖRGÜ,1117,128,112,115,124,124,11,10,10,11,11
ONUR ÖZELCANAT,806,123,123,89,93,83,15,15,11,12,10
OSMAN ÖZPUYLAT,907,119,86,98,103,107,13,9,11,11,12
KUDRET GÖK,1247,110,116,112,104,112,9,9,9,8,9
AHMET ÖZGEN,1106,108,122,112,106,96,10,11,10,10,9
KAYHAN ALTINÖZ,1355,106,125,121,123,139,8,9,9,9,10
M.YILMAZ KARAKÖLEOĞLU,749,101,104,93,75,81,13,14,12,10,11
AHMET İŞGÖREN,790,96,73,101,83,79,12,9,13,11,10
MEHMET ALİ PAKEL,4011,210,273,322,320,354,5,7,8,8,9
YAKUP MİSDİK,1815,194,180,159,180,172,11,10,9,10,9
ŞAHİN İPEK,2128,186,177,193,183,195,9,8,9,9,9
ADİL TEKİNALP,1682,167,177,186,169,171,10,11,11,10,10
MEHMET YAPRAK,1783,154,141,142,160,150,9,8,8,9,8
İLHAN KAPUSIZ,971,146,146,135,117,83,15,15,14,12,9
MERVE AYDINALP,1304,145,129,125,127,126,11,10,10,10,10
YAŞAR NEZİHE TAPKI,1537,142,143,150,158,166,9,9,10,10,11
HASAN TEKİNALP,1714,142,139,160,180,158,8,8,9,11,9
AHMET KAPLAN,1322,137,135,131,130,132,10,10,10,10,10
CİHAN ARPEK,1604,132,141,139,162,175,8,9,9,10,11
SALİH TOPAK,1486,129,126,109,121,142,9,8,7,8,10
DİLBER DEMİRKAPU,1257,128,130,104,124,116,10,10,8,10,9
BÜNYAMİN POLAT,797,124,120,92,91,86,16,15,12,11,11
SEBAHATTİN TOPAL,2193,121,162,188,206,240,6,7,9,9,11
SUPHİ BAYDAN,884,109,105,89,70,86,12,12,10,8,10
YILMAZ TEKİNALP,1528,104,119,128,125,140,7,8,8,8,9
OSMAN KAPLAN,1512,101,118,150,122,125,7,8,10,8,8
ENVER BALPINAR,1332,99,123,121,97,109,7,9,9,7,8
YAVUZ PETEK,936,95,105,102,83,87,10,11,11,9,9
ALPARSLAN İKİER,759,91,78,79,69,81,12,10,10,9,11
SERKAN ORHAN APAYDIN,1089,86,108,102,124,112,8,10,9,11,10
KADİR TEKİNALP,620,83,63,78,62,80,13,10,13,10,13
ŞEYHMUS SAİP ÇEKE,984,77,100,98,99,96,8,10,10,10,10
BARIŞ TOPCU,511,77,61,69,68,45,15,12,14,13,9
MİRAÇ İPEK,525,74,60,66,61,59,14,11,13,12,11
YAKUP AKKILIÇ,447,72,69,58,48,41,16,15,13,11,9
İLHAN TEKİNALP,663,70,73,61,75,56,11,11,9,11,8
TALİP KONUK,712,66,44,56,64,58,9,6,8,9,8
RAGIP ÖRGEN,558,64,51,51,69,63,11,9,9,12,11
ADNAN POLAT,730,61,57,90,98,67,8,8,12,13,9
SEİT KAN,1859,234,220,226,244,204,13,12,12,13,11
HÜSEYİN ATAŞ,1891,228,193,212,210,176,12,10,11,11,9
RÜSTEM ALİ TEKELİ,3277,216,265,239,255,252,7,8,7,8,8
TARKAN ŞİT,2228,259,284,257,263,243,12,13,12,12,11
VELAT KARAKUŞ,1551,222,227,214,219,189,14,15,14,14,12
ŞAHİN YILDIRIM,1164,207,176,143,123,108,18,15,12,11,9
HAYRETTİN KAYAŞ,3008,201,259,250,271,294,7,9,8,9,10
SAVAŞ DEMİR,1710,197,205,205,206,183,12,12,12,12,11
METİN YÜKSEL AKKEYİK,2462,207,191,230,203,227,8,8,9,8,9
MÜLAYİM ANAT,1318,190,179,153,153,137,14,14,12,12,10
TANER TÜRKMEN,1321,187,167,179,151,136,14,13,14,11,10
HÜSEYİN DEMİRKIRAN,1203,172,155,140,140,133,14,13,12,12,11
HÜSEYİN YILDIRIM,1458,146,143,147,138,133,10,10,10,9,9
VAHİT TURAN,2270,213,232,215,223,228,9,10,9,10,10
ERDAL AKYAVUZ,2351,196,225,227,231,188,8,10,10,10,8
NURİ SAV,1758,157,161,168,158,161,9,9,10,9,9
ABDULLAH AVCI,1920,149,175,176,173,170,8,9,9,9,9
MEHMET EMİN AVCI,920,144,97,104,99,92,16,11,11,11,10
ZİVER ÜNER,1500,137,148,155,165,148,9,10,10,11,10
DAVUT SAV,1237,133,143,149,147,117,11,12,12,12,9
ENVER DURAN,1161,127,102,116,140,112,11,9,10,12,10
MECİT SOYKUVVET,1343,127,126,121,116,117,9,9,9,9,9
DAVUT YENTÜR,1471,127,162,139,149,141,9,11,9,10,10
TAHİR ALTINOVA,1389,115,105,110,155,123,8,8,8,11,9
SAVAŞ GÜRKAN,781,108,100,102,89,96,14,13,13,11,12
DİNÇER SEVGİLİ,640,104,85,79,66,60,16,13,12,10,9
LEVENT BERKOL,694,100,95,88,87,75,14,14,13,13,11
LALE MERVE ARMUTÇU,1264,97,130,120,131,133,8,10,9,10,11
VEYSEL AKÜZÜM,1224,95,100,101,98,110,8,8,8,8,9
MEHMET GÜVEN,586,91,70,73,66,48,16,12,12,11,8
KEMAL SAVAŞ MUCUR,726,85,106,79,76,69,12,15,11,10,10
NEVZAT YILDIZ,627,81,74,63,69,65,13,12,10,11,10
VEYSEL AKBAŞ,717,80,64,59,83,79,11,9,8,12,11
VEHBİ ÖZDİL,592,76,80,60,56,56,13,14,10,9,9
LEVENT ÖZDENİZ,447,74,70,45,36,43,17,16,10,8,10
VEYSEL TEKİN,1020,74,65,91,79,118,7,6,9,8,12
EBUBEKİR SAV,942,72,108,123,93,92,8,11,13,10,10
HALİM KAYA,2527,222,229,237,257,249,9,9,9,10,10
NAZMİ YILMAZ,2052,209,192,231,183,204,10,9,11,9,10
MELİH TEZEL,2067,220,192,213,223,195,11,9,10,11,9
ALİ RIZA YILDIZ,1623,198,176,172,156,170,12,11,11,10,10
KAZIM MELİKE,1750,189,174,174,173,182,11,10,10,10,10
SİNAN YANMAZ,1564,171,161,190,179,164,11,10,12,11,10
