tarih,sehir,tur,seq,kombo,devir_tl
04/01/2021,SANLIURFA,SIRALI 5 Lİ BAHİS,1,12/8/6/2/7,9070.58
04/01/2021,SANLIURFA,SIRALI 5 Lİ BAHİS,1,3/9/1/17/6,6146.11
04/01/2021,SANLIURFA,SIRALI 5 Lİ BAHİS,1,12/15/7/8/5,15468.03
07/01/2021,SANLIURFA,SIRALI 5 Lİ BAHİS,1,8/7/6/3/10,5265.37
11/01/2021,SANLIURFA,SIRALI 5 Lİ BAHİS,1,9/4/5/8/3,5769.83
11/01/2021,SANLIURFA,SIRALI 5 Lİ BAHİS,1,13/6/2/8/5,22062.13
11/01/2021,SANLIURFA,SIRALI 5 Lİ BAHİS,1,12/5/6/14/18,19791.06
12/01/2021,ADANA,SIRALI 5 Lİ BAHİS,1,14/11/12/3/6,33467.56
12/01/2021,KOCAELI,SIRALI 5 Lİ BAHİS,1,6/9/3/7/4,10303.28
13/01/2021,BURSA,SIRALI 5 Lİ BAHİS,1,1/2/10/3/9,24622.64
14/01/2021,SANLIURFA,SIRALI 5 Lİ BAHİS,1,3/4/15/10/9,5434.04
14/01/2021,SANLIURFA,SIRALI 5 Lİ BAHİS,1,14/2/1/3/9,16278.9
18/01/2021,SANLIURFA,SIRALI 5 Lİ BAHİS,1,9/12/5/2/10,10158.59
21/01/2021,SANLIURFA,SIRALI 5 Lİ BAHİS,1,1/7/11/17/4,3948.45
21/01/2021,SANLIURFA,SIRALI 5 Lİ BAHİS,1,8/13/3/11/1,5229.45
21/01/2021,SANLIURFA,SIRALI 5 Lİ BAHİS,1,7/1/5/6/11,20298.52
28/01/2021,SANLIURFA,SIRALI 5 Lİ BAHİS,1,3/10/2/16/5,6260.26
28/01/2021,SANLIURFA,SIRALI 5 Lİ BAHİS,1,7/8/2/15/4,16496.18
31/01/2021,IZMIR,SIRALI 5 Lİ BAHİS,1,5/4/11/8/1,8636.47
01/02/2021,BURSA,SIRALI 5 Lİ BAHİS,1,12/5/10/16/3,5449.95
01/02/2021,SANLIURFA,SIRALI 5 Lİ BAHİS,1,9/3/4/8/6,3494.07
01/02/2021,SANLIURFA,SIRALI 5 Lİ BAHİS,1,11/7/8/2/5,12028.42
01/02/2021,SANLIURFA,SIRALI 5 Lİ BAHİS,1,4/7/3/10/8,30460.96
02/02/2021,ADANA,SIRALI 5 Lİ BAHİS,1,12/3/9/10/2,17362.72
04/02/2021,SANLIURFA,SIRALI 5 Lİ BAHİS,1,1/14/3/5/13,39930.46
04/02/2021,SANLIURFA,SIRALI 5 Lİ BAHİS,1,2/15/13/7/8,14168.11
06/02/2021,ADANA,SIRALI 5 Lİ BAHİS,1,2/11/14/3/8,9779.02
06/02/2021,ADANA,SIRALI 5 Lİ BAHİS,1,7/2/4/13/5,36705.84
08/02/2021,BURSA,SIRALI 5 Lİ BAHİS,1,7/15/14/11/4,29618.65
08/02/2021,SANLIURFA,SIRALI 5 Lİ BAHİS,1,3/14/9/10/8,11837.25
11/02/2021,SANLIURFA,SIRALI 5 Lİ BAHİS,1,9/8/3/14/6,7798.26
13/02/2021,ADANA,SIRALI 5 Lİ BAHİS,1,7/3/11/4/13,17773.9
14/02/2021,ADANA,SIRALI 5 Lİ BAHİS,1,6/11/9/1/17,19564.95
15/02/2021,SANLIURFA,SIRALI 5 Lİ BAHİS,1,8/5/7/10/6,9770.98
15/02/2021,SANLIURFA,SIRALI 5 Lİ BAHİS,1,3/1/6/11/9,9220.79
18/02/2021,SANLIURFA,SIRALI 5 Lİ BAHİS,1,4/7/13/1/5,13695.6
22/02/2021,SANLIURFA,SIRALI 5 Lİ BAHİS,1,10/1/13/5/2,5796.75
22/02/2021,SANLIURFA,SIRALI 5 Lİ BAHİS,1,6/10/7/1/12,21390.51
22/02/2021,SANLIURFA,SIRALI 5 Lİ BAHİS,1,13/5/3/7/4,16295.0
22/02/2021,SANLIURFA,SIRALI 5 Lİ BAHİS,1,17/4/5/1/7,46121.76
23/02/2021,KOCAELI,SIRALI 5 Lİ BAHİS,1,11/2/12/7/14,26797.95
24/02/2021,ISTANBUL,SIRALI 5 Lİ BAHİS,1,10/13/5/14/2,9050.92
28/02/2021,ADANA,SIRALI 5 Lİ BAHİS,1,1/3/15/9/14,6615.54
01/03/2021,SANLIURFA,SIRALI 5 Lİ BAHİS,1,12/3/1/4/5,6890.11
02/03/2021,ADANA,SIRALI 5 Lİ BAHİS,1,6/4/5/11/13,12432.67
03/03/2021,ISTANBUL,SIRALI 5 Lİ BAHİS,1,6/3/12/4/1,12171.81
05/03/2021,KOCAELI,SIRALI 5 Lİ BAHİS,1,7/5/8/11/2,10777.88
06/03/2021,ADANA,SIRALI 5 Lİ BAHİS,1,7/13/9/1/11,24441.4
07/03/2021,IZMIR,SIRALI 5 Lİ BAHİS,1,2/5/11/4/10,7756.66
08/03/2021,BURSA,SIRALI 5 Lİ BAHİS,1,9/13/11/15/6,16520.16
08/03/2021,SANLIURFA,SIRALI 5 Lİ BAHİS,1,18/7/16/15/8,16342.13
11/03/2021,IZMIR,SIRALI 5 Lİ BAHİS,1,2/13/9/15/6,27618.93
11/03/2021,SANLIURFA,SIRALI 5 Lİ BAHİS,1,2/14/6/5/10,34048.96
11/03/2021,SANLIURFA,SIRALI 5 Lİ BAHİS,1,2/7/12/16/8,23712.47
15/03/2021,BURSA,SIRALI 5 Lİ BAHİS,1,11/3/17/2/12,39001.46
15/03/2021,SANLIURFA,SIRALI 5 Lİ BAHİS,1,5/13/6/4/9,12726.45
15/03/2021,SANLIURFA,SIRALI 5 Lİ BAHİS,1,5/6/1/4/9,23555.61
15/03/2021,SANLIURFA,SIRALI 5 Lİ BAHİS,1,8/10/15/4/16,41306.08
15/03/2021,SANLIURFA,7'Lİ PLASE,1,"7,11/2,10/5,13/5,6/8,10/1,3,5/9,11,14",123698.74
18/03/2021,SANLIURFA,SIRALI 5 Lİ BAHİS,1,11/6/14/2/3,9893.54
21/03/2021,ADANA,SIRALI 5 Lİ BAHİS,1,1/2/8/9/13,5478.07
22/03/2021,SANLIURFA,SIRALI 5 Lİ BAHİS,1,9/2/8/1/7,13569.61
22/03/2021,SANLIURFA,SIRALI 5 Lİ BAHİS,1,6/4/12/8/10,15699.81
25/03/2021,IZMIR,SIRALI 5 Lİ BAHİS,1,4/11/8/15/1,10298.41
25/03/2021,SANLIURFA,SIRALI 5 Lİ BAHİS,1,10/8/7/13/12,13198.79
26/03/2021,KOCAELI,SIRALI 5 Lİ BAHİS,1,6/12/3/4/7,35768.48
27/03/2021,ADANA,SIRALI 5 Lİ BAHİS,1,"14/8/9/4,5",17513.55
28/03/2021,IZMIR,SIRALI 5 Lİ BAHİS,1,8/4/3/6/10,9946.49
29/03/2021,SANLIURFA,SIRALI 5 Lİ BAHİS,1,7/5/2/8/3,5758.29
29/03/2021,SANLIURFA,SIRALI 5 Lİ BAHİS,1,4/15/14/6/8,16429.29
30/03/2021,KOCAELI,SIRALI 5 Lİ BAHİS,1,7/3/6/2/4,94740.07
31/03/2021,BURSA,SIRALI 5 Lİ BAHİS,1,11/4/7/9/3,12431.55
31/03/2021,BURSA,SIRALI 5 Lİ BAHİS,1,3/2/6/13/10,58601.54
01/04/2021,SANLIURFA,SIRALI 5 Lİ BAHİS,1,2/8/3/10/6,14437.19
03/04/2021,ADANA,SIRALI 5 Lİ BAHİS,1,10/1/9/6/7,8193.08
05/04/2021,SANLIURFA,SIRALI 5 Lİ BAHİS,1,12/3/13/5/9,17846.01
06/04/2021,ADANA,ÜÇLÜ BAHİS,1,4/6/9,9526.51
08/04/2021,IZMIR,SIRALI 5 Lİ BAHİS,1,9/11/6/1/2,8736.59
08/04/2021,SANLIURFA,SIRALI 5 Lİ BAHİS,1,10/14/7/4/6,7455.14
08/04/2021,SANLIURFA,SIRALI 5 Lİ BAHİS,1,17/13/6/14/15,8995.78
12/04/2021,BURSA,SIRALI 5 Lİ BAHİS,1,11/2/5/13/8,20756.64
12/04/2021,SANLIURFA,SIRALI 5 Lİ BAHİS,1,8/11/6/5/7,2541.67
12/04/2021,SANLIURFA,SIRALI 5 Lİ BAHİS,1,14/3/2/6/8,13484.84
12/04/2021,SANLIURFA,SIRALI 5 Lİ BAHİS,1,9/8/3/4/15,22277.23
12/04/2021,SANLIURFA,6'LI GANYAN,1,1/8/14/2/9/1,488025.19
12/04/2021,SANLIURFA,7'Lİ PLASE,1,"3,14/2,10/8,9/1,5/11,12/4,8/4,9",104115.4
12/04/2021,SANLIURFA,SIRALI 5 Lİ BAHİS,1,4/9/7/5/8,15660.83
14/04/2021,ELAZIG,SIRALI 5 Lİ BAHİS,1,7/2/11/8/1,4768.04
14/04/2021,ELAZIG,SIRALI 5 Lİ BAHİS,1,1/11/12/9/2,11340.36
14/04/2021,ELAZIG,SIRALI 5 Lİ BAHİS,1,1/12/16/8/13,27545.84
18/04/2021,ADANA,SIRALI 5 Lİ BAHİS,1,10/4/6/1/12,3819.28
18/04/2021,ADANA,SIRALI 5 Lİ BAHİS,1,8/4/2/12/7,12054.11
19/04/2021,BURSA,SIRALI 5 Lİ BAHİS,1,14/8/13/9/7,23455.22
19/04/2021,SANLIURFA,SIRALI 5 Lİ BAHİS,1,11/14/8/3/7,5530.04
19/04/2021,SANLIURFA,SIRALI 5 Lİ BAHİS,1,17/4/10/7/3,17643.59
19/04/2021,SANLIURFA,SIRALI 5 Lİ BAHİS,1,9/13/10/5/11,26632.05
19/04/2021,SANLIURFA,SIRALI 5 Lİ BAHİS,1,3/5/1/16/18,47628.23
20/04/2021,ADANA,SIRALI 5 Lİ BAHİS,1,5/1/3/14/12,8451.44
20/04/2021,ADANA,SIRALI 5 Lİ BAHİS,1,2/7/4/10/6,25964.56
21/04/2021,ELAZIG,SIRALI 5 Lİ BAHİS,1,5/1/7/2/9,37684.73
21/04/2021,ISTANBUL,SIRALI 5 Lİ BAHİS,1,13/20/21/16/18,9424.42
23/04/2021,BURSA,SIRALI 5 Lİ BAHİS,1,14/2/15/8/9,40326.99
23/04/2021,BURSA,SIRALI 5 Lİ BAHİS,1,8/2/10/5/12,4669.42
24/04/2021,IZMIR,SIRALI 5 Lİ BAHİS,1,3/8/4/2/10,11192.26
24/04/2021,IZMIR,SIRALI 5 Lİ BAHİS,1,14/8/5/12/15,13844.71
25/04/2021,ADANA,SIRALI 5 Lİ BAHİS,1,13/3/10/6/9,531.14
25/04/2021,ADANA,SIRALI 5 Lİ BAHİS,1,6/4/13/2/11,5793.45
25/04/2021,ISTANBUL,SIRALI 5 Lİ BAHİS,1,10/11/19/18/4,15183.83
26/04/2021,BURSA,SIRALI 5 Lİ BAHİS,1,1/14/7/2/11,8702.64
26/04/2021,SANLIURFA,SIRALI 5 Lİ BAHİS,1,5/16/3/15/14,77145.01
26/04/2021,SANLIURFA,SIRALI 5 Lİ BAHİS,1,6/4/13/10/14,6514.19
26/04/2021,SANLIURFA,SIRALI 5 Lİ BAHİS,1,13/3/10/4/7,9999.3
28/04/2021,ELAZIG,SIRALI 5 Lİ BAHİS,1,6/9/11/14/3,5916.75
28/04/2021,ELAZIG,SIRALI 5 Lİ BAHİS,1,2/9/7/10/12,11001.37
29/04/2021,IZMIR,SIRALI 5 Lİ BAHİS,1,9/2/4/13/6,7815.61
29/04/2021,IZMIR,SIRALI 5 Lİ BAHİS,1,3/11/7/1/8,8339.77
30/04/2021,ISTANBUL,SIRALI 5 Lİ BAHİS,1,14/9/6/7/11,8564.92
01/05/2021,IZMIR,SIRALI 5 Lİ BAHİS,1,1/14/12/13/11,5762.85
01/05/2021,IZMIR,SIRALI 5 Lİ BAHİS,1,9/6/4/7/13,12475.62
03/05/2021,BURSA,SIRALI 5 Lİ BAHİS,1,12/7/6/4/11,3370.65
03/05/2021,BURSA,SIRALI 5 Lİ BAHİS,1,5/3/2/12/1,10112.4
03/05/2021,BURSA,SIRALI 5 Lİ BAHİS,1,3/7/16/12/1,8919.52
03/05/2021,SANLIURFA,SIRALI 5 Lİ BAHİS,1,7/12/8/1/6,2937.36
05/05/2021,ELAZIG,SIRALI 5 Lİ BAHİS,1,9/2/6/1/13,11759.78
05/05/2021,ISTANBUL,SIRALI 5 Lİ BAHİS,1,1/11/7/9/4,9825.23
06/05/2021,IZMIR,SIRALI 5 Lİ BAHİS,1,3/16/12/9/2,18072.0
08/05/2021,IZMIR,SIRALI 5 Lİ BAHİS,1,10/14/7/6/4,5862.83
08/05/2021,IZMIR,SIRALI 5 Lİ BAHİS,1,3/6/11/15/10,15183.29
10/05/2021,BURSA,SIRALI 5 Lİ BAHİS,1,17/4/1/13/9,12290.92
10/05/2021,SANLIURFA,SIRALI 5 Lİ BAHİS,1,11/17/10/13/2,3562.65
10/05/2021,SANLIURFA,SIRALI 5 Lİ BAHİS,1,4/2/5/3/6,10921.28
10/05/2021,SANLIURFA,SIRALI 5 Lİ BAHİS,1,5/2/7/9/10,25129.2
11/05/2021,ANKARA,SIRALI 5 Lİ BAHİS,1,8/2/5/12/13,20680.58
15/05/2021,IZMIR,SIRALI 5 Lİ BAHİS,1,11/17/10/18/4,12037.28
16/05/2021,ADANA,SIRALI 5 Lİ BAHİS,1,5/6/7/3/1,6014.33
17/05/2021,SANLIURFA,SIRALI 5 Lİ BAHİS,1,4/2/7/12/1,1856.92
17/05/2021,SANLIURFA,SIRALI 5 Lİ BAHİS,1,8/6/12/7/11,4264.2
18/05/2021,ADANA,SIRALI 5 Lİ BAHİS,1,1/12/10/8/9,27822.3
18/05/2021,ANKARA,SIRALI 5 Lİ BAHİS,1,8/11/1/6/3,24087.76
19/05/2021,ELAZIG,SIRALI 5 Lİ BAHİS,1,1/7/5/3/2,5886.23
19/05/2021,ISTANBUL,SIRALI 5 Lİ BAHİS,1,5/14/12/6/7,15541.88
21/05/2021,BURSA,SIRALI 5 Lİ BAHİS,1,4/14/6/7/8,18823.8
22/05/2021,IZMIR,SIRALI 5 Lİ BAHİS,1,4/1/13/10/14,8878.72
24/05/2021,BURSA,SIRALI 5 Lİ BAHİS,1,8/3/11/6/2,32986.43
24/05/2021,SANLIURFA,SIRALI 5 Lİ BAHİS,1,7/4/15/16/5,4714.11
24/05/2021,SANLIURFA,SIRALI 5 Lİ BAHİS,1,7/10/4/11/2,12735.0
27/05/2021,ANKARA,SIRALI 5 Lİ BAHİS,1,4/2/13/6/3,13228.26
27/05/2021,ANKARA,SIRALI 5 Lİ BAHİS,1,3/14/12/11/5,49583.59
27/05/2021,IZMIR,SIRALI 5 Lİ BAHİS,1,5/6/10/14/4,4569.81
27/05/2021,IZMIR,SIRALI 5 Lİ BAHİS,1,8/6/4/12/14,17442.53
28/05/2021,BURSA,SIRALI 5 Lİ BAHİS,1,13/6/4/15/3,6243.38
28/05/2021,BURSA,SIRALI 5 Lİ BAHİS,1,10/13/1/3/4,16749.4
29/05/2021,ANKARA,SIRALI 5 Lİ BAHİS,1,14/11/7/15/5,19089.45
29/05/2021,IZMIR,SIRALI 5 Lİ BAHİS,1,7/11/9/1/2,6270.63
29/05/2021,IZMIR,SIRALI 5 Lİ BAHİS,1,7/8/6/5/14,12527.03
31/05/2021,SANLIURFA,SIRALI 5 Lİ BAHİS,1,3/16/7/5/6,20673.07
31/05/2021,SANLIURFA,SIRALI 5 Lİ BAHİS,1,4/6/15/17/7,13863.2
01/06/2021,ADANA,SIRALI 5 Lİ BAHİS,1,1/6/3/7/13,5503.14
01/06/2021,ANKARA,SIRALI 5 Lİ BAHİS,1,12/16/1/11/7,23476.33
02/06/2021,ELAZIG,SIRALI 5 Lİ BAHİS,1,7/10/4/11/6,6583.11
04/06/2021,BURSA,6'LI GANYAN,1,"13/6/4,6/6/8/11",893487.86
04/06/2021,BURSA,SIRALI 5 Lİ BAHİS,1,12/7/8/2/10,9297.46
04/06/2021,BURSA,SIRALI 5 Lİ BAHİS,1,3/6/5/12/1,36606.67
05/06/2021,IZMIR,SIRALI 5 Lİ BAHİS,1,19/10/2/13/16,13879.51
07/06/2021,SANLIURFA,SIRALI 5 Lİ BAHİS,1,3/1/15/9/11,7485.75
07/06/2021,SANLIURFA,SIRALI 5 Lİ BAHİS,1,1/6/13/5/7,9699.3
09/06/2021,ELAZIG,SIRALI 5 Lİ BAHİS,1,14/3/13/10/18,20843.86
09/06/2021,ISTANBUL,SIRALI 5 Lİ BAHİS,1,11/10/6/4/7,26094.01
10/06/2021,ANKARA,SIRALI 5 Lİ BAHİS,1,1/10/6/7/3,10565.11
10/06/2021,ANKARA,SIRALI 5 Lİ BAHİS,1,9/2/3/16/1,45905.5
10/06/2021,IZMIR,SIRALI 5 Lİ BAHİS,1,10/7/9/14/2,24915.91
11/06/2021,BURSA,SIRALI 5 Lİ BAHİS,1,10/15/6/7/19,8531.17
12/06/2021,ISTANBUL,SIRALI 5 Lİ BAHİS,1,7/11/2/1/4,12121.86
13/06/2021,ANKARA,SIRALI 5 Lİ BAHİS,1,14/6/13/4/8,10888.71
13/06/2021,IZMIR,SIRALI 5 Lİ BAHİS,1,4/2/8/10/7,14332.79
14/06/2021,BURSA,SIRALI 5 Lİ BAHİS,1,2/9/4/10/13,26750.32
14/06/2021,SANLIURFA,SIRALI 5 Lİ BAHİS,1,8/9/5/7/4,4388.1
14/06/2021,SANLIURFA,SIRALI 5 Lİ BAHİS,1,7/9/2/10/4,4516.05
16/06/2021,ELAZIG,SIRALI 5 Lİ BAHİS,1,14/4/11/15/2,31757.57
16/06/2021,ELAZIG,SIRALI 5 Lİ BAHİS,1,3/9/10/6/11,61908.91
20/06/2021,IZMIR,SIRALI 5 Lİ BAHİS,1,11/1/4/9/2,5044.43
20/06/2021,IZMIR,SIRALI 5 Lİ BAHİS,1,8/2/12/7/10,6443.4
21/06/2021,BURSA,SIRALI 5 Lİ BAHİS,1,14/6/18/4/9,6221.09
21/06/2021,BURSA,SIRALI 5 Lİ BAHİS,1,1/13/5/16/18,22908.16
23/06/2021,ELAZIG,SIRALI 5 Lİ BAHİS,1,9/7/6/11/4,5938.2
23/06/2021,ELAZIG,SIRALI 5 Lİ BAHİS,1,3/7/4/14/12,6152.4
23/06/2021,ELAZIG,SIRALI 5 Lİ BAHİS,1,13/11/14/9/15,20274.53
23/06/2021,ISTANBUL,SIRALI 5 Lİ BAHİS,1,4/14/16/15/5,9277.06
25/06/2021,BURSA,SIRALI 5 Lİ BAHİS,1,15/8/14/17/6,12890.56
25/06/2021,BURSA,SIRALI 5 Lİ BAHİS,1,15/3/18/13/1,38538.85
27/06/2021,IZMIR,SIRALI 5 Lİ BAHİS,1,1/14/3/6/7,18841.04
28/06/2021,BURSA,SIRALI 5 Lİ BAHİS,1,3/18/11/19/14,20146.97
28/06/2021,SANLIURFA,SIRALI 5 Lİ BAHİS,1,6/14/5/10/13,5410.43
30/06/2021,ELAZIG,SIRALI 5 Lİ BAHİS,1,11/3/5/8/12,5827.8
30/06/2021,ELAZIG,SIRALI 5 Lİ BAHİS,1,1/15/5/4/8,16152.37
30/06/2021,ISTANBUL,SIRALI 5 Lİ BAHİS,1,8/12/1/6/7,11185.71
02/07/2021,BURSA,SIRALI 5 Lİ BAHİS,1,4/7/2/5/11,25154.62
05/07/2021,ELAZIG,SIRALI 5 Lİ BAHİS,1,4/10/12/2/9,24762.21
05/07/2021,ELAZIG,SIRALI 5 Lİ BAHİS,1,7/17/2/11/3,12011.03
07/07/2021,ELAZIG,SIRALI 5 Lİ BAHİS,1,10/8/2/13/7,7951.64
07/07/2021,ISTANBUL,SIRALI 5 Lİ BAHİS,1,9/11/8/10/4,37982.45
08/07/2021,ANKARA,SIRALI 5 Lİ BAHİS,1,6/9/10/1/3,32155.47
08/07/2021,KOCAELI,SIRALI 5 Lİ BAHİS,1,8/1/4/6/10,7769.25
09/07/2021,BURSA,SIRALI 5 Lİ BAHİS,1,3/16/2/13/7,4822.28
11/07/2021,IZMIR,SIRALI 5 Lİ BAHİS,1,1/3/8/5/10,11267.76
11/07/2021,IZMIR,SIRALI 5 Lİ BAHİS,1,13/6/11/2/9,13539.75
11/07/2021,IZMIR,SIRALI 5 Lİ BAHİS,1,12/17/8/5/21,39467.27
12/07/2021,BURSA,SIRALI 5 Lİ BAHİS,1,14/10/2/17/1,17040.51
12/07/2021,ELAZIG,SIRALI 5 Lİ BAHİS,1,4/13/2/3/9,7319.33
14/07/2021,ELAZIG,SIRALI 5 Lİ BAHİS,1,6/9/14/8/13,9401.92
14/07/2021,ELAZIG,SIRALI 5 Lİ BAHİS,1,8/14/10/1/6,16740.23
15/07/2021,ANKARA,SIRALI 5 Lİ BAHİS,1,13/4/7/5/3,20950.12
17/07/2021,ANKARA,SIRALI 5 Lİ BAHİS,1,2/12/11/6/13,34387.18
22/07/2021,KOCAELI,SIRALI 5 Lİ BAHİS,1,1/9/12/10/3,9781.28
25/07/2021,ISTANBUL,SIRALI 5 Lİ BAHİS,1,8/10/5/1/9,31947.67
27/07/2021,KOCAELI,SIRALI 5 Lİ BAHİS,1,12/2/13/15/11,20166.89
30/07/2021,BURSA,SIRALI 5 Lİ BAHİS,1,2/7/1/13/3,6173.02
03/08/2021,KOCAELI,SIRALI 5 Lİ BAHİS,1,6/2/10/8/4,16477.49
07/08/2021,IZMIR,SIRALI 5 Lİ BAHİS,1,6/1/8/9/5,10027.14
08/08/2021,IZMIR,SIRALI 5 Lİ BAHİS,1,21/10/7/1/8,19906.78
09/08/2021,BURSA,SIRALI 5 Lİ BAHİS,1,8/5/16/11/7,10013.46
09/08/2021,BURSA,SIRALI 5 Lİ BAHİS,1,11/12/10/5/2,21281.93
09/08/2021,ELAZIG,SIRALI 5 Lİ BAHİS,1,16/14/3/10/2,12696.0
12/08/2021,KOCAELI,SIRALI 5 Lİ BAHİS,1,2/8/7/5/12,4180.64
14/08/2021,IZMIR,SIRALI 5 Lİ BAHİS,1,12/15/2/1/14,40010.9
14/08/2021,IZMIR,SIRALI 5 Lİ BAHİS,1,4/10/11/13/6,20417.64
16/08/2021,ELAZIG,SIRALI 5 Lİ BAHİS,1,12/2/1/8/3,9105.53
16/08/2021,ELAZIG,SIRALI 5 Lİ BAHİS,1,3/4/13/6/12,18339.15
17/08/2021,ANKARA,SIRALI 5 Lİ BAHİS,1,6/14/13/1/8,21952.78
17/08/2021,KOCAELI,SIRALI 5 Lİ BAHİS,1,3/5/7/15/14,7115.4
18/08/2021,ISTANBUL,SIRALI 5 Lİ BAHİS,1,15/2/14/1/8,25309.37
21/08/2021,IZMIR,SIRALI 5 Lİ BAHİS,1,10/5/8/9/4,10380.67
22/08/2021,IZMIR,SIRALI 5 Lİ BAHİS,1,6/4/8/1/2,10933.65
23/08/2021,BURSA,SIRALI 5 Lİ BAHİS,1,10/1/12/8/9,11090.39
23/08/2021,ELAZIG,SIRALI 5 Lİ BAHİS,1,2/13/8/10/5,5321.11
23/08/2021,ELAZIG,SIRALI 5 Lİ BAHİS,1,7/1/14/12/2,18819.91
23/08/2021,ELAZIG,SIRALI 5 Lİ BAHİS,1,15/6/4/3/7,21660.75
26/08/2021,KOCAELI,SIRALI 5 Lİ BAHİS,1,5/1/11/6/9,10349.33
26/08/2021,KOCAELI,SIRALI 5 Lİ BAHİS,1,1/9/8/11/15,18041.02
28/08/2021,IZMIR,SIRALI 5 Lİ BAHİS,1,7/10/21/14/1,13505.85
30/08/2021,BURSA,SIRALI 5 Lİ BAHİS,1,9/1/4/2/6,9573.81
30/08/2021,ELAZIG,SIRALI 5 Lİ BAHİS,1,9/13/12/10/15,4544.47
30/08/2021,ELAZIG,SIRALI 5 Lİ BAHİS,1,7/3/8/4/2,5379.23
30/08/2021,ELAZIG,SIRALI 5 Lİ BAHİS,1,4/9/12/3/2,8648.1
31/08/2021,KOCAELI,SIRALI 5 Lİ BAHİS,1,13/6/5/4/8,37092.05
02/09/2021,IZMIR,SIRALI 5 Lİ BAHİS,1,10/3/8/6/12,4669.64
02/09/2021,IZMIR,SIRALI 5 Lİ BAHİS,1,12/3/10/2/8,7043.77
04/09/2021,ANKARA,SIRALI 5 Lİ BAHİS,1,16/12/9/1/5,41345.79
06/09/2021,BURSA,SIRALI 5 Lİ BAHİS,1,16/12/10/3/2,16997.86
06/09/2021,ELAZIG,SIRALI 5 Lİ BAHİS,1,6/11/4/12/10,9651.01
06/09/2021,ELAZIG,SIRALI 5 Lİ BAHİS,1,6/7/8/1/9,26749.45
07/09/2021,KOCAELI,SIRALI 5 Lİ BAHİS,1,4/2/1/5/6,8847.31
12/09/2021,ELAZIG,SIRALI 5 Lİ BAHİS,1,8/2/5/4/6,3638.04
12/09/2021,ISTANBUL,SIRALI 5 Lİ BAHİS,1,1/3/13/12/16,8477.94
13/09/2021,BURSA,SIRALI 5 Lİ BAHİS,1,4/5/10/12/1,6480.31
13/09/2021,BURSA,SIRALI 5 Lİ BAHİS,1,10/5/12/9/16,22301.48
14/09/2021,KOCAELI,SIRALI 5 Lİ BAHİS,1,3/5/13/16/2,22953.31
15/09/2021,DIYARBAKIR,SIRALI 5 Lİ BAHİS,1,10/1/12/2/7,2281.49
15/09/2021,DIYARBAKIR,6'LI GANYAN,1,1/10/7/6/5/2,475161.61
15/09/2021,DIYARBAKIR,SIRALI 5 Lİ BAHİS,1,2/5/10/3/9,7805.26
15/09/2021,DIYARBAKIR,SIRALI 5 Lİ BAHİS,1,8/11/14/2/16,15707.55
17/09/2021,BURSA,SIRALI 5 Lİ BAHİS,1,7/8/18/5/20,19654.65
18/09/2021,ANKARA,SIRALI 5 Lİ BAHİS,1,12/5/3/4/2,26522.25
19/09/2021,ADANA,SIRALI 5 Lİ BAHİS,1,11/12/8/5/2,17994.76
20/09/2021,BURSA,SIRALI 5 Lİ BAHİS,1,11/1/8/15/6,27921.53
20/09/2021,ELAZIG,SIRALI 5 Lİ BAHİS,1,10/9/1/6/2,9983.48
20/09/2021,ELAZIG,SIRALI 5 Lİ BAHİS,1,14/3/1/8/12,35609.18
24/09/2021,BURSA,SIRALI 5 Lİ BAHİS,1,9/7/14/13/6,37995.47
24/09/2021,ISTANBUL,SIRALI 5 Lİ BAHİS,1,15/8/1/10/9,28991.48
25/09/2021,IZMIR,SIRALI 5 Lİ BAHİS,1,11/5/12/4/1,9453.38
25/09/2021,IZMIR,SIRALI 5 Lİ BAHİS,1,8/21/22/3/15,32545.26
26/09/2021,ELAZIG,SIRALI 5 Lİ BAHİS,1,4/8/9/11/15,11783.17
27/09/2021,BURSA,SIRALI 5 Lİ BAHİS,1,3/1/5/7/9,8380.6
27/09/2021,BURSA,SIRALI 5 Lİ BAHİS,1,16/11/6/12/10,21939.1
27/09/2021,BURSA,SIRALI 5 Lİ BAHİS,1,1/4/5/8/15,58729.3
27/09/2021,ELAZIG,SIRALI 5 Lİ BAHİS,1,5/1/3/9/11,26170.28
28/09/2021,KOCAELI,SIRALI 5 Lİ BAHİS,1,2/6/1/7/4,10725.6
29/09/2021,DIYARBAKIR,SIRALI 5 Lİ BAHİS,1,9/14/16/3/6,8890.97
01/10/2021,BURSA,SIRALI 5 Lİ BAHİS,1,7/3/10/9/15,14562.38
03/10/2021,ELAZIG,SIRALI 5 Lİ BAHİS,1,2/13/3/9/11,15074.55
05/10/2021,ADANA,SIRALI 5 Lİ BAHİS,1,3/7/4/10/12,26469.4
05/10/2021,DIYARBAKIR,SIRALI 5 Lİ BAHİS,1,3/11/12/5/13,22840.26
08/10/2021,BURSA,SIRALI 5 Lİ BAHİS,1,14/2/3/15/5,19524.26
09/10/2021,IZMIR,SIRALI 5 Lİ BAHİS,1,3/2/7/10/5,9166.73
11/10/2021,KOCAELI,SIRALI 5 Lİ BAHİS,1,8/11/5/1/7,9559.19
12/10/2021,DIYARBAKIR,6'LI GANYAN,1,4/4/6/4/3/15,500645.52
17/10/2021,DIYARBAKIR,SIRALI 5 Lİ BAHİS,1,4/7/5/11/10,4795.42
19/10/2021,DIYARBAKIR,SIRALI 5 Lİ BAHİS,1,8/11/9/3/4,5802.08
19/10/2021,DIYARBAKIR,SIRALI 5 Lİ BAHİS,1,1/2/11/4/5,9531.98
21/10/2021,IZMIR,SIRALI 5 Lİ BAHİS,1,6/13/1/5/9,27767.95
24/10/2021,ADANA,SIRALI 5 Lİ BAHİS,1,17/4/18/11/6,11615.6
24/10/2021,ISTANBUL,SIRALI 5 Lİ BAHİS,1,14/9/4/8/6,8575.4
25/10/2021,BURSA,SIRALI 5 Lİ BAHİS,1,14/6/8/16/17,5362.5
25/10/2021,KOCAELI,SIRALI 5 Lİ BAHİS,1,10/7/6/3/1,27510.62
28/10/2021,IZMIR,SIRALI 5 Lİ BAHİS,1,12/7/11/2/8,10786.79
29/10/2021,BURSA,SIRALI 5 Lİ BAHİS,1,12/2/5/10/6,11066.77
29/10/2021,BURSA,SIRALI 5 Lİ BAHİS,1,9/4/13/17/8,22936.8
02/11/2021,DIYARBAKIR,6'LI GANYAN,1,1/9/7/12/7/8,578562.37
02/11/2021,DIYARBAKIR,SIRALI 5 Lİ BAHİS,1,8/3/14/11/7,6440.48
02/11/2021,DIYARBAKIR,6'LI GANYAN,2,12/7/8/7/10/4,1512931.52
04/11/2021,ANKARA,SIRALI 5 Lİ BAHİS,1,8/7/14/2/4,37359.22
05/11/2021,BURSA,SIRALI 5 Lİ BAHİS,1,8/1/2/6/12,10529.84
05/11/2021,BURSA,SIRALI 5 Lİ BAHİS,1,10/11/9/3/4,22358.41
05/11/2021,BURSA,SIRALI 5 Lİ BAHİS,1,4/9/11/8/10,42066.47
07/11/2021,ADANA,SIRALI 5 Lİ BAHİS,1,2/10/7/6/5,8422.12
08/11/2021,BURSA,SIRALI 5 Lİ BAHİS,1,6/2/11/8/1,10367.25
09/11/2021,ADANA,SIRALI 5 Lİ BAHİS,1,2/10/7/1/11,10451.24
09/11/2021,DIYARBAKIR,SIRALI 5 Lİ BAHİS,1,1/11/7/9/5,9153.23
09/11/2021,DIYARBAKIR,SIRALI 5 Lİ BAHİS,1,2/11/5/9/4,28173.99
10/11/2021,ISTANBUL,SIRALI 5 Lİ BAHİS,1,8/3/12/14/10,12392.62
13/11/2021,IZMIR,SIRALI 5 Lİ BAHİS,1,6/10/12/17/18,25267.51
15/11/2021,SANLIURFA,SIRALI 5 Lİ BAHİS,1,11/4/13/10/2,11076.29
16/11/2021,ADANA,SIRALI 5 Lİ BAHİS,1,7/9/2/1/3,7178.93
16/11/2021,DIYARBAKIR,SIRALI 5 Lİ BAHİS,1,6/12/5/15/7,4660.13
16/11/2021,DIYARBAKIR,SIRALI 5 Lİ BAHİS,1,7/5/4/8/2,17297.55
17/11/2021,BURSA,SIRALI 5 Lİ BAHİS,1,8/12/6/4/9,16297.81
17/11/2021,ISTANBUL,SIRALI 5 Lİ BAHİS,1,11/6/1/7/5,16568.78
18/11/2021,SANLIURFA,SIRALI 5 Lİ BAHİS,1,4/6/1/8/9,9950.33
19/11/2021,KOCAELI,SIRALI 5 Lİ BAHİS,1,1/4/7/3/10,9015.97
20/11/2021,ISTANBUL,SIRALI 5 Lİ BAHİS,1,2/5/11/3/4,18684.29
20/11/2021,ISTANBUL,SIRALI 5 Lİ BAHİS,1,15/12/13/3/10,26454.98
21/11/2021,IZMIR,SIRALI 5 Lİ BAHİS,1,8/11/6/1/17,21793.74
23/11/2021,DIYARBAKIR,SIRALI 5 Lİ BAHİS,1,3/12/4/10/6,7908.82
27/11/2021,ADANA,SIRALI 5 Lİ BAHİS,1,12/5/6/4/1,30548.25
27/11/2021,ISTANBUL,SIRALI 5 Lİ BAHİS,1,5/4/3/14/9,9071.7
27/11/2021,ISTANBUL,SIRALI 5 Lİ BAHİS,1,13/15/6/1/4,11869.35
27/11/2021,ISTANBUL,SIRALI 5 Lİ BAHİS,1,13/2/14/5/1,28252.51
29/11/2021,BURSA,SIRALI 5 Lİ BAHİS,1,6/13/11/3/10,12936.22
05/12/2021,ADANA,SIRALI 5 Lİ BAHİS,1,8/2/4/10/12,15343.4
05/12/2021,ADANA,7'Lİ PLASE,1,"3,6/6,10/7,12/7,8/4,8/2,8/2,11",112029.45
05/12/2021,ADANA,6'LI GANYAN,1,10/7/7/4/8/2,2119211.35
05/12/2021,IZMIR,SIRALI 5 Lİ BAHİS,1,12/7/15/6/11,32580.59
06/12/2021,SANLIURFA,SIRALI 5 Lİ BAHİS,1,9/13/6/2/3,6518.1
06/12/2021,SANLIURFA,SIRALI 5 Lİ BAHİS,1,5/2/11/12/10,29557.71
08/12/2021,BURSA,SIRALI 5 Lİ BAHİS,1,12/7/6/8/3,30956.16
08/12/2021,ISTANBUL,SIRALI 5 Lİ BAHİS,1,4/13/10/14/11,32367.91
09/12/2021,SANLIURFA,ÜÇLÜ BAHİS,1,6/1/3,3713.14
09/12/2021,SANLIURFA,SIRALI 5 Lİ BAHİS,1,8/2/12/11/13,7795.02
10/12/2021,IZMIR,SIRALI 5 Lİ BAHİS,1,5/4/13/2/7,29624.25
11/12/2021,ISTANBUL,SIRALI 5 Lİ BAHİS,1,10/3/8/7/9,9401.93
12/12/2021,ADANA,SIRALI 5 Lİ BAHİS,1,7/4/8/2/12,8859.07
12/12/2021,ADANA,SIRALI 5 Lİ BAHİS,1,2/6/11/7/12,25006.19
12/12/2021,ADANA,SIRALI 5 Lİ BAHİS,1,"16/8,13/2/5",65698.26
13/12/2021,SANLIURFA,SIRALI 5 Lİ BAHİS,1,11/5/1/6/3,22740.08
14/12/2021,DIYARBAKIR,SIRALI 5 Lİ BAHİS,1,4/1/5/6/9,12771.23
18/12/2021,ADANA,SIRALI 5 Lİ BAHİS,1,11/8/3/10/12,28520.87
20/12/2021,SANLIURFA,SIRALI 5 Lİ BAHİS,1,5/3/10/4/15,9302.08
22/12/2021,BURSA,SIRALI 5 Lİ BAHİS,1,5/1/4/13/12,12758.75
22/12/2021,ISTANBUL,SIRALI 5 Lİ BAHİS,1,3/12/9/11/5,13528.03
23/12/2021,SANLIURFA,SIRALI 5 Lİ BAHİS,1,13/1/5/14/6,6099.01
23/12/2021,SANLIURFA,SIRALI 5 Lİ BAHİS,1,13/6/4/11/8,9346.12
23/12/2021,SANLIURFA,SIRALI 5 Lİ BAHİS,1,7/4/12/11/15,12743.18
24/12/2021,KOCAELI,SIRALI 5 Lİ BAHİS,1,5/2/6/1/15,42552.6
26/12/2021,IZMIR,SIRALI 5 Lİ BAHİS,1,11/1/15/3/7,12662.01
27/12/2021,BURSA,SIRALI 5 Lİ BAHİS,1,6/10/5/3/9,6706.81
27/12/2021,SANLIURFA,SIRALI 5 Lİ BAHİS,1,12/7/8/3/1,7645.12
30/12/2021,SANLIURFA,SIRALI 5 Lİ BAHİS,1,3/14/1/12/7,8498.55
30/12/2021,SANLIURFA,SIRALI 5 Lİ BAHİS,1,4/6/2/10/14,26344.58
10/01/2022,SANLIURFA,SIRALI 5 Lİ BAHİS,1,6/13/3/12/5,8690.33
10/01/2022,SANLIURFA,SIRALI 5 Lİ BAHİS,1,12/2/1/8/4,10386.99
10/01/2022,SANLIURFA,SIRALI 5 Lİ BAHİS,1,7/4/10/12/15,39150.46
12/01/2022,BURSA,SIRALI 5 Lİ BAHİS,1,4/12/11/8/9,33638.2
13/01/2022,SANLIURFA,SIRALI 5 Lİ BAHİS,1,13/16/2/10/11,10357.49
15/01/2022,ADANA,SIRALI 5 Lİ BAHİS,1,12/13/1/9/7,11265.13
20/01/2022,SANLIURFA,SIRALI 5 Lİ BAHİS,1,3/5/8/12/6,4317.23
24/01/2022,SANLIURFA,SIRALI 5 Lİ BAHİS,1,4/3/12/5/8,11985.97
26/01/2022,ISTANBUL,SIRALI 5 Lİ BAHİS,1,14/3/1/9/5,22960.79
27/01/2022,BURSA,SIRALI 5 Lİ BAHİS,1,10/11/9/12/4,20280.05
27/01/2022,SANLIURFA,SIRALI 5 Lİ BAHİS,1,4/14/16/13/12,7454.03
02/02/2022,ISTANBUL,SIRALI 5 Lİ BAHİS,1,11/4/3/1/13,44766.38
07/02/2022,SANLIURFA,SIRALI 5 Lİ BAHİS,1,3/10/7/5/11,11227.05
13/02/2022,DIYARBAKIR,SIRALI 5 Lİ BAHİS,1,9/1/4/7/2,17612.93
14/02/2022,BURSA,SIRALI 5 Lİ BAHİS,1,11/12/4/8/7,3372.98
14/02/2022,SANLIURFA,SIRALI 5 Lİ BAHİS,1,11/14/9/2/1,6736.66
14/02/2022,SANLIURFA,SIRALI 5 Lİ BAHİS,1,2/4/6/1/15,22920.68
15/02/2022,ADANA,SIRALI 5 Lİ BAHİS,1,4/7/13/11/5,28985.11
21/02/2022,BURSA,SIRALI 5 Lİ BAHİS,1,4/3/7/12/8,30063.08
23/02/2022,ISTANBUL,SIRALI 5 Lİ BAHİS,1,5/13/15/3/14,39010.65
27/02/2022,ADANA,SIRALI 5 Lİ BAHİS,1,3/7/4/6/10,14803.57
28/02/2022,SANLIURFA,SIRALI 5 Lİ BAHİS,1,15/6/13/5/11,23810.99
06/03/2022,ADANA,SIRALI 5 Lİ BAHİS,1,8/7/10/12/11,5205.88
10/03/2022,SANLIURFA,SIRALI 5 Lİ BAHİS,1,2/13/15/3/6,8752.56
13/03/2022,DIYARBAKIR,SIRALI 5 Lİ BAHİS,1,4/7/9/5/3,16752.59
14/03/2022,BURSA,SIRALI 5 Lİ BAHİS,1,6/12/9/3/1,14226.07
15/03/2022,ADANA,SIRALI 5 Lİ BAHİS,1,10/5/1/2/8,20716.28
17/03/2022,SANLIURFA,SIRALI 5 Lİ BAHİS,1,5/2/4/3/14,7073.69
24/03/2022,SANLIURFA,SIRALI 5 Lİ BAHİS,1,12/7/10/1/15,6098.4
24/03/2022,SANLIURFA,SIRALI 5 Lİ BAHİS,1,16/14/2/13/1,20393.27
28/03/2022,SANLIURFA,SIRALI 5 Lİ BAHİS,1,8/5/6/2/14,9015.75
31/03/2022,SANLIURFA,SIRALI 5 Lİ BAHİS,1,2/5/13/4/10,6505.64
04/04/2022,SANLIURFA,SIRALI 5 Lİ BAHİS,1,2/14/5/13/1,9592.34
04/04/2022,SANLIURFA,SIRALI 5 Lİ BAHİS,1,5/12/4/7/6,48690.06
11/04/2022,SANLIURFA,SIRALI 5 Lİ BAHİS,1,3/1/8/11/7,10358.11
13/04/2022,ELAZIG,SIRALI 5 Lİ BAHİS,1,9/3/10/7/6,11671.5
13/04/2022,ELAZIG,SIRALI 5 Lİ BAHİS,1,4/8/14/11/12,29734.34
18/04/2022,SANLIURFA,SIRALI 5 Lİ BAHİS,1,11/15/8/14/1,20955.59
19/04/2022,ADANA,SIRALI 5 Lİ BAHİS,1,3/10/13/1/7,31307.96
21/04/2022,IZMIR,SIRALI 5 Lİ BAHİS,1,5/9/11/4/8,11422.59
22/04/2022,BURSA,SIRALI 5 Lİ BAHİS,1,16/9/3/8/18,9446.01
22/04/2022,BURSA,SIRALI 5 Lİ BAHİS,1,1/3/15/6/9,20924.02
23/04/2022,IZMIR,SIRALI 5 Lİ BAHİS,1,4/10/8/7/3,7258.79
24/04/2022,DIYARBAKIR,SIRALI 5 Lİ BAHİS,1,15/7/12/14/11,5258.26
24/04/2022,DIYARBAKIR,TABELA BAHİS,1,15/7/12/14,7553.69
25/04/2022,SANLIURFA,SIRALI 5 Lİ BAHİS,1,14/1/6/5/2,28376.17
25/04/2022,SANLIURFA,SIRALI 5 Lİ BAHİS,1,1/4/13/12/5,13231.73
30/04/2022,IZMIR,SIRALI 5 Lİ BAHİS,1,1/7/8/3/9,16840.21
05/05/2022,IZMIR,SIRALI 5 Lİ BAHİS,1,4/10/8/5/11,9398.47
08/05/2022,ADANA,SIRALI 5 Lİ BAHİS,1,12/10/4/5/13,21772.93
08/05/2022,ADANA,SIRALI 5 Lİ BAHİS,1,13/1/7/11/10,50094.5
08/05/2022,DIYARBAKIR,SIRALI 5 Lİ BAHİS,1,11/6/10/4/5,10367.63
09/05/2022,SANLIURFA,SIRALI 5 Lİ BAHİS,1,7/14/1/11/15,10183.2
09/05/2022,SANLIURFA,SIRALI 5 Lİ BAHİS,1,6/10/11/5/2,27614.11
09/05/2022,SANLIURFA,6'LI GANYAN,2,14/7/6/1/2/13,1848863.33
10/05/2022,KOCAELI,SIRALI 5 Lİ BAHİS,1,11/13/12/9/6,37279.64
16/05/2022,BURSA,SIRALI 5 Lİ BAHİS,1,10/5/13/12/2,9733.64
16/05/2022,BURSA,SIRALI 5 Lİ BAHİS,1,16/8/3/14/11,51532.8
18/05/2022,ELAZIG,SIRALI 5 Lİ BAHİS,1,9/16/8/7/2,27289.71
21/05/2022,ANKARA,SIRALI 5 Lİ BAHİS,1,11/7/9/1/6,22829.54
23/05/2022,SANLIURFA,SIRALI 5 Lİ BAHİS,1,5/10/1/6/3,6847.88
23/05/2022,SANLIURFA,SIRALI 5 Lİ BAHİS,1,10/12/13/3/2,10690.59
23/05/2022,SANLIURFA,SIRALI 5 Lİ BAHİS,1,8/6/9/3/1,34270.58
24/05/2022,KOCAELI,SIRALI 5 Lİ BAHİS,1,10/2/8/9/1,12040.12
27/05/2022,BURSA,SIRALI 5 Lİ BAHİS,1,10/7/11/12/8,9205.12
28/05/2022,IZMIR,SIRALI 5 Lİ BAHİS,1,13/2/1/6/11,11049.23
29/05/2022,ADANA,SIRALI 5 Lİ BAHİS,1,1/2/9/3/10,13661.56
29/05/2022,ISTANBUL,SIRALI 5 Lİ BAHİS,1,12/14/7/2/6,16416.5
30/05/2022,SANLIURFA,SIRALI 5 Lİ BAHİS,1,13/2/6/7/10,9977.99
01/06/2022,ELAZIG,SIRALI 5 Lİ BAHİS,1,2/13/14/3/7,26332.87
01/06/2022,ISTANBUL,SIRALI 5 Lİ BAHİS,1,1/8/12/10/11,18394.12
02/06/2022,ANKARA,SIRALI 5 Lİ BAHİS,1,10/9/7/3/13,43064.85
02/06/2022,IZMIR,SIRALI 5 Lİ BAHİS,1,11/4/6/14/7,44180.24
03/06/2022,BURSA,SIRALI 5 Lİ BAHİS,1,3/11/10/12/8,12839.87
03/06/2022,BURSA,SIRALI 5 Lİ BAHİS,1,7/3/15/16/1,41385.88
04/06/2022,IZMIR,SIRALI 5 Lİ BAHİS,1,7/9/10/12/5,33563.63
05/06/2022,DIYARBAKIR,SIRALI 5 Lİ BAHİS,1,9/8/2/1/7,7192.98
05/06/2022,ISTANBUL,SIRALI 5 Lİ BAHİS,1,12/7/1/18/16,18617.76
06/06/2022,SANLIURFA,SIRALI 5 Lİ BAHİS,1,4/14/5/12/3,7787.26
08/06/2022,ISTANBUL,SIRALI 5 Lİ BAHİS,1,1/5/11/8/3,53384.51
10/06/2022,BURSA,SIRALI 5 Lİ BAHİS,1,2/4/8/10/13,11768.73
11/06/2022,ANKARA,SIRALI 5 Lİ BAHİS,1,13/16/4/12/17,33378.14
11/06/2022,IZMIR,SIRALI 5 Lİ BAHİS,1,1/3/11/9/8,10218.39
13/06/2022,SANLIURFA,SIRALI 5 Lİ BAHİS,1,4/9/5/1/6,14808.75
15/06/2022,ELAZIG,SIRALI 5 Lİ BAHİS,1,5/12/8/7/3,11560.25
19/06/2022,DIYARBAKIR,SIRALI 5 Lİ BAHİS,1,4/1/12/2/8,14653.14
20/06/2022,BURSA,SIRALI 5 Lİ BAHİS,1,8/6/15/12/4,17736.25
20/06/2022,BURSA,SIRALI 5 Lİ BAHİS,1,8/13/5/6/11,57884.88
20/06/2022,SANLIURFA,SIRALI 5 Lİ BAHİS,1,7/8/1/9/15,21099.76
21/06/2022,KOCAELI,SIRALI 5 Lİ BAHİS,1,13/16/11/15/9,32340.88
22/06/2022,ELAZIG,SIRALI 5 Lİ BAHİS,1,8/2/11/10/3,15088.26
23/06/2022,ANKARA,SIRALI 5 Lİ BAHİS,1,6/12/2/10/13,13049.38
23/06/2022,ANKARA,SIRALI 5 Lİ BAHİS,1,11/8/7/9/17,61723.99
25/06/2022,ANKARA,SIRALI 5 Lİ BAHİS,1,1/5/3/7/8,173143.48
26/06/2022,ISTANBUL,SIRALI 5 Lİ BAHİS,1,2/8/13/4/7,4361.89
27/06/2022,BURSA,SIRALI 5 Lİ BAHİS,1,4/2/5/12/15,31796.25
27/06/2022,SANLIURFA,SIRALI 5 Lİ BAHİS,1,4/1/9/12/11,43826.37
30/06/2022,ANKARA,SIRALI 5 Lİ BAHİS,1,6/1/2/7/12,19963.1
01/07/2022,BURSA,SIRALI 5 Lİ BAHİS,1,14/2/1/6/7,43670.74
02/07/2022,IZMIR,SIRALI 5 Lİ BAHİS,1,9/2/3/4/8,17336.48
03/07/2022,DIYARBAKIR,SIRALI 5 Lİ BAHİS,1,4/2/9/1/14,25495.63
04/07/2022,ELAZIG,SIRALI 5 Lİ BAHİS,1,2/3/14/1/9,8984.62
05/07/2022,ANKARA,SIRALI 5 Lİ BAHİS,1,2/11/12/7/8,17771.86
08/07/2022,BURSA,SIRALI 5 Lİ BAHİS,1,13/12/6/7/1,11863.13
10/07/2022,DIYARBAKIR,SIRALI 5 Lİ BAHİS,1,7/3/2/11/12,32483.24
10/07/2022,ISTANBUL,SIRALI 5 Lİ BAHİS,1,3/2/15/7/11,54016.0
11/07/2022,BURSA,SIRALI 5 Lİ BAHİS,1,5/12/9/2/14,16764.01
12/07/2022,KOCAELI,SIRALI 5 Lİ BAHİS,1,1/2/13/6/11,9639.62
13/07/2022,ELAZIG,SIRALI 5 Lİ BAHİS,1,13/1/11/3/10,10364.63
14/07/2022,KOCAELI,SIRALI 5 Lİ BAHİS,1,6/12/8/10/7,14396.49
14/07/2022,KOCAELI,SIRALI 5 Lİ BAHİS,1,5/2/3/15/11,68893.99
16/07/2022,SANLIURFA,SIRALI 5 Lİ BAHİS,1,12/7/11/5/8,7649.12
19/07/2022,KOCAELI,SIRALI 5 Lİ BAHİS,1,9/11/7/10/8,18191.63
24/07/2022,DIYARBAKIR,SIRALI 5 Lİ BAHİS,1,6/13/4/8/9,20258.51
25/07/2022,ELAZIG,SIRALI 5 Lİ BAHİS,1,7/8/4/2/10,5664.5
27/07/2022,ELAZIG,SIRALI 5 Lİ BAHİS,1,4/10/5/9/7,17757.25
29/07/2022,BURSA,SIRALI 5 Lİ BAHİS,1,11/4/6/9/1,10763.37
31/07/2022,ISTANBUL,SIRALI 5 Lİ BAHİS,1,12/2/16/11,25169.27
31/07/2022,IZMIR,SIRALI 5 Lİ BAHİS,1,1/7/11/13/3,27334.88
01/08/2022,BURSA,SIRALI 5 Lİ BAHİS,1,5/9/6/4/7,14509.86
01/08/2022,ELAZIG,SIRALI 5 Lİ BAHİS,1,17/12/16/7/9,31485.61
05/08/2022,BURSA,SIRALI 5 Lİ BAHİS,1,9/14/17/11/10,29371.01
07/08/2022,DIYARBAKIR,SIRALI 5 Lİ BAHİS,1,11/8/10/4/6,15829.74
07/08/2022,IZMIR,SIRALI 5 Lİ BAHİS,1,13/7/5/12/6,13202.12
08/08/2022,ELAZIG,SIRALI 5 Lİ BAHİS,1,6/13/10/9/7,26901.25
09/08/2022,ANKARA,SIRALI 5 Lİ BAHİS,1,11/5/2/7/8,41515.01
10/08/2022,ELAZIG,SIRALI 5 Lİ BAHİS,1,12/4/16/7/2,29073.5
10/08/2022,ISTANBUL,SIRALI 5 Lİ BAHİS,1,10/14/3/1/2,20609.14
10/08/2022,ISTANBUL,SIRALI 5 Lİ BAHİS,1,13/1/15/9/8,115493.52
12/08/2022,BURSA,SIRALI 5 Lİ BAHİS,1,5/13/9/10/7,30617.12
14/08/2022,DIYARBAKIR,SIRALI 5 Lİ BAHİS,1,6/4/1/2/11,34804.49
14/08/2022,IZMIR,SIRALI 5 Lİ BAHİS,1,7/9/10/8/12,41709.76
16/08/2022,ANKARA,SIRALI 5 Lİ BAHİS,1,2/11/1/3/10,39581.38
16/08/2022,KOCAELI,SIRALI 5 Lİ BAHİS,1,7/11/9/1/2,15303.5
17/08/2022,ISTANBUL,SIRALI 5 Lİ BAHİS,1,11/7/4/9/8,39192.14
18/08/2022,KOCAELI,SIRALI 5 Lİ BAHİS,1,2/11/4/6/1,23201.48
18/08/2022,KOCAELI,SIRALI 5 Lİ BAHİS,1,7/13/4/2/10,54241.21
21/08/2022,DIYARBAKIR,SIRALI 5 Lİ BAHİS,1,16/7/15/6/12,15441.89
22/08/2022,ELAZIG,SIRALI 5 Lİ BAHİS,1,14/8/3/4/13,11398.16
22/08/2022,ELAZIG,SIRALI 5 Lİ BAHİS,1,18/2/12/17/9,33674.92
23/08/2022,KOCAELI,SIRALI 5 Lİ BAHİS,1,1/11/8/3/13,66000.34
26/08/2022,BURSA,SIRALI 5 Lİ BAHİS,1,10/9/4/5/13,36557.5
28/08/2022,DIYARBAKIR,SIRALI 5 Lİ BAHİS,1,7/4/12/1/3,25907.54
29/08/2022,ELAZIG,SIRALI 5 Lİ BAHİS,1,8/13/1/3/14,13404.12
29/08/2022,ELAZIG,SIRALI 5 Lİ BAHİS,1,11/3/8/10/13,39983.25
30/08/2022,KOCAELI,SIRALI 5 Lİ BAHİS,1,12/8/14/13/3,37153.37
01/09/2022,ANKARA,SIRALI 5 Lİ BAHİS,1,15/13/1/6/7,31158.62
06/09/2022,ANKARA,SIRALI 5 Lİ BAHİS,1,10/1/9/7/12,15485.61
06/09/2022,KOCAELI,SIRALI 5 Lİ BAHİS,1,5/6/4/11/7,47249.25
07/09/2022,DIYARBAKIR,SIRALI 5 Lİ BAHİS,1,15/8/2/16/1,24975.0
09/09/2022,BURSA,SIRALI 5 Lİ BAHİS,1,3/6/4/9/2,16475.51
09/09/2022,BURSA,SIRALI 5 Lİ BAHİS,1,4/12/5/6/10,9212.17
11/09/2022,ADANA,SIRALI 5 Lİ BAHİS,1,4/6/10/11/1,22191.24
11/09/2022,ISTANBUL,SIRALI 5 Lİ BAHİS,1,4/5/18/3/12,55580.25
12/09/2022,BURSA,SIRALI 5 Lİ BAHİS,1,8/5/2/3/6,23197.3
12/09/2022,ELAZIG,SIRALI 5 Lİ BAHİS,1,1/3/4/9/10,30015.74
14/09/2022,DIYARBAKIR,SIRALI 5 Lİ BAHİS,1,5/6/1/14/10,32827.39
14/09/2022,DIYARBAKIR,SIRALI 5 Lİ BAHİS,1,8/5/15/12/2,21933.11
15/09/2022,ANKARA,SIRALI 5 Lİ BAHİS,1,2/10/5/3/9,49400.13
17/09/2022,IZMIR,SIRALI 5 Lİ BAHİS,1,8/6/7/2/1,14557.75
20/09/2022,KOCAELI,SIRALI 5 Lİ BAHİS,1,14/9/13/1/3,50163.98
21/09/2022,DIYARBAKIR,SIRALI 5 Lİ BAHİS,1,9/7/6/13/14,10668.51
21/09/2022,DIYARBAKIR,SIRALI 5 Lİ BAHİS,1,1/9/11/13/3,23747.0
23/09/2022,BURSA,SIRALI 5 Lİ BAHİS,1,5/11/4/6/8,45385.24
24/09/2022,IZMIR,SIRALI 5 Lİ BAHİS,1,10/8/6/11/2,34479.87
25/09/2022,ELAZIG,SIRALI 5 Lİ BAHİS,1,14/6/12/7/4,23712.74
26/09/2022,BURSA,SIRALI 5 Lİ BAHİS,1,2/12/5/7/3,63373.26
28/09/2022,DIYARBAKIR,SIRALI 5 Lİ BAHİS,1,5/3/8/2/7,8518.75
28/09/2022,ISTANBUL,SIRALI 5 Lİ BAHİS,1,5/9/12/11/7,22336.63
01/10/2022,IZMIR,SIRALI 5 Lİ BAHİS,1,10/1/4/3/7,10653.62
01/10/2022,IZMIR,SIRALI 5 Lİ BAHİS,1,8/1/7/10/6,9445.25
02/10/2022,ISTANBUL,SIRALI 5 Lİ BAHİS,1,"2/9/7/8/1,6",77525.62
03/10/2022,BURSA,SIRALI 5 Lİ BAHİS,1,10/8/4/5/13,18536.13
04/10/2022,DIYARBAKIR,SIRALI 5 Lİ BAHİS,1,5/1/13/2/15,9836.99
04/10/2022,DIYARBAKIR,SIRALI 5 Lİ BAHİS,1,3/9/8/5/15,26487.61
06/10/2022,IZMIR,SIRALI 5 Lİ BAHİS,1,7/9/4/3/8,16886.74
07/10/2022,BURSA,SIRALI 5 Lİ BAHİS,1,1/6/12/11/3,14313.66
10/10/2022,KOCAELI,SIRALI 5 Lİ BAHİS,1,8/10/5/12/7,13137.75
13/10/2022,IZMIR,SIRALI 5 Lİ BAHİS,1,2/9/4/12/7,17152.64
15/10/2022,IZMIR,SIRALI 5 Lİ BAHİS,1,2/9/12/1/10,14684.0
15/10/2022,IZMIR,SIRALI 5 Lİ BAHİS,1,10/16/7/8/5,40491.49
17/10/2022,KOCAELI,SIRALI 5 Lİ BAHİS,1,9/10/11/3/1,35561.12
18/10/2022,DIYARBAKIR,SIRALI 5 Lİ BAHİS,1,10/14/5/9/1,10198.49
20/10/2022,IZMIR,SIRALI 5 Lİ BAHİS,1,10/6/8/5/13,43451.75
23/10/2022,ADANA,SIRALI 5 Lİ BAHİS,1,5/6/10/11/4,17203.12
24/10/2022,BURSA,SIRALI 5 Lİ BAHİS,1,5/13/4/9/15,34631.38
25/10/2022,DIYARBAKIR,6'LI GANYAN,1,5/8/2/5/8/4,811270.45
25/10/2022,DIYARBAKIR,SIRALI 5 Lİ BAHİS,1,1/2/3/9/13,14881.75
27/10/2022,IZMIR,SIRALI 5 Lİ BAHİS,1,10/2/8/7/5,17146.5
31/10/2022,KOCAELI,SIRALI 5 Lİ BAHİS,1,3/13/1/11/9,56352.23
01/11/2022,ADANA,SIRALI 5 Lİ BAHİS,1,2/4/1/10/7,47514.21
01/11/2022,DIYARBAKIR,SIRALI 5 Lİ BAHİS,1,3/15/4/7/5,12638.0
04/11/2022,BURSA,SIRALI 5 Lİ BAHİS,1,6/12/3/4/7,23341.37
04/11/2022,BURSA,SIRALI 5 Lİ BAHİS,1,12/4/5/13/1,59419.61
12/11/2022,IZMIR,SIRALI 5 Lİ BAHİS,1,5/8/4/10/12,27012.61
14/11/2022,BURSA,SIRALI 5 Lİ BAHİS,1,4/16/10/15/13,13219.88
14/11/2022,BURSA,SIRALI 5 Lİ BAHİS,1,11/7/12/4/5,45167.25
15/11/2022,ADANA,SIRALI 5 Lİ BAHİS,1,15/8/2/10/12,35839.11
17/11/2022,SANLIURFA,SIRALI 5 Lİ BAHİS,1,9/13/1/11/8,15108.75
28/11/2022,BURSA,SIRALI 5 Lİ BAHİS,1,5/10/9/8/13,13965.36
28/11/2022,SANLIURFA,SIRALI 5 Lİ BAHİS,1,1/2/10/3/8,14434.49
05/12/2022,SANLIURFA,SIRALI 5 Lİ BAHİS,1,7/2/9/6/10,12375.24
05/12/2022,SANLIURFA,SIRALI 5 Lİ BAHİS,1,4/6/10/9/5,33080.22
08/12/2022,SANLIURFA,SIRALI 5 Lİ BAHİS,1,2/6/1/3/9,25631.63
08/12/2022,SANLIURFA,SIRALI 5 Lİ BAHİS,1,10/16/13/7/3,77560.27
10/12/2022,ADANA,SIRALI 5 Lİ BAHİS,1,7/3/12/10/5,59008.99
12/12/2022,BURSA,SIRALI 5 Lİ BAHİS,1,8/6/3/2/10,40571.49
14/12/2022,ANTALYA,SIRALI 5 Lİ BAHİS,1,7/11/2/5/12,16903.88
15/12/2022,SANLIURFA,SIRALI 5 Lİ BAHİS,1,13/10/15/7/8,12656.15
15/12/2022,SANLIURFA,SIRALI 5 Lİ BAHİS,1,16/7/1/5/15,37238.74
18/12/2022,ADANA,SIRALI 5 Lİ BAHİS,1,6/9/4/1/2,23104.99
19/12/2022,BURSA,SIRALI 5 Lİ BAHİS,1,2/11/7/12/8,16481.09
19/12/2022,BURSA,SIRALI 5 Lİ BAHİS,1,1/11/9/12/3,46043.31
19/12/2022,BURSA,7'Lİ PLASE,1,"3,8/1,7/2,11/1,11/4,9/4,5,8/5,6,15",160285.23
22/12/2022,SANLIURFA,SIRALI 5 Lİ BAHİS,1,15/3/10/7/2,16430.11
23/12/2022,ANTALYA,SIRALI 5 Lİ BAHİS,1,3/5/11/13/6,21354.72
23/12/2022,ANTALYA,SIRALI 5 Lİ BAHİS,1,2/11/3/13/15,90690.85
24/12/2022,ISTANBUL,SIRALI 5 Lİ BAHİS,1,11/9/13/12/7,26253.6
25/12/2022,ADANA,SIRALI 5 Lİ BAHİS,1,10/9/5/13/3,72375.03
26/12/2022,SANLIURFA,SIRALI 5 Lİ BAHİS,1,2/5/11/8/6,15498.25
26/12/2022,SANLIURFA,SIRALI 5 Lİ BAHİS,1,7/6/8/9/13,57189.36
04/01/2023,SANLIURFA,SIRALI 5 Lİ BAHİS,1,1/11/10/5/12,13368.3
04/01/2023,SANLIURFA,SIRALI 5 Lİ BAHİS,1,9/8/10/7/3,38119.79
04/01/2023,SANLIURFA,SIRALI 5 Lİ BAHİS,1,6/3/14/5/10,94072.94
09/01/2023,SANLIURFA,SIRALI 5 Lİ BAHİS,1,6/4/2/3/13,18538.8
11/01/2023,SANLIURFA,SIRALI 5 Lİ BAHİS,1,4/2/10/8/6,17625.59
16/01/2023,SANLIURFA,SIRALI 5 Lİ BAHİS,1,2/3/15/14/16,9510.75
16/01/2023,SANLIURFA,SIRALI 5 Lİ BAHİS,1,11/9/1/5/14,35386.66
18/01/2023,SANLIURFA,SIRALI 5 Lİ BAHİS,1,5/7/10/4/6,52589.41
18/01/2023,SANLIURFA,SIRALI 5 Lİ BAHİS,1,12/5/3/8/1,13383.75
22/01/2023,IZMIR,SIRALI 5 Lİ BAHİS,1,4/8/3/1/12,77824.33
23/01/2023,SANLIURFA,SIRALI 5 Lİ BAHİS,1,1/6/9/11/5,25081.78
23/01/2023,SANLIURFA,7'Lİ PLASE,1,"1,3/3,7/9,10/1,6/1,4/4,5/6,11",268514.37
23/01/2023,SANLIURFA,SIRALI 5 Lİ BAHİS,1,11/6/3/12/18,36360.44
25/01/2023,ISTANBUL,SIRALI 5 Lİ BAHİS,1,1/5/6/12/10,23136.91
25/01/2023,SANLIURFA,SIRALI 5 Lİ BAHİS,1,9/2/4/10/7,22333.81
25/01/2023,SANLIURFA,SIRALI 5 Lİ BAHİS,1,4/8/2/16/13,29823.61
01/02/2023,SANLIURFA,SIRALI 5 Lİ BAHİS,1,2/11/3/9/12,18702.16
01/02/2023,SANLIURFA,SIRALI 5 Lİ BAHİS,1,5/8/3/9/11,36190.96
20/02/2023,SANLIURFA,SIRALI 5 Lİ BAHİS,1,13/5/1/7/3,41001.32
22/02/2023,SANLIURFA,SIRALI 5 Lİ BAHİS,1,6/7/16/1/8,9994.95
23/02/2023,KOCAELI,SIRALI 5 Lİ BAHİS,1,9/14/8/12/11,32642.55
26/02/2023,IZMIR,SIRALI 5 Lİ BAHİS,1,2/10/11/12/16,63338.85
27/02/2023,SANLIURFA,SIRALI 5 Lİ BAHİS,1,13/6/8/7/2,11407.34
27/02/2023,SANLIURFA,SIRALI 5 Lİ BAHİS,1,12/4/3/10/1,21684.11
27/02/2023,SANLIURFA,SIRALI 5 Lİ BAHİS,1,2/7/10/11/1,39404.06
01/03/2023,SANLIURFA,SIRALI 5 Lİ BAHİS,1,15/4/14/16/7,10215.6
01/03/2023,SANLIURFA,SIRALI 5 Lİ BAHİS,1,15/6/11/9/1,33722.83
04/03/2023,ADANA,SIRALI 5 Lİ BAHİS,1,9/1/12/10/3,29209.2
04/03/2023,ADANA,SIRALI 5 Lİ BAHİS,1,12/6/9/1/5,44776.18
06/03/2023,BURSA,SIRALI 5 Lİ BAHİS,1,10/12/9/4,54679.48
06/03/2023,SANLIURFA,SIRALI 5 Lİ BAHİS,1,11/8/10/16/17,8826.91
06/03/2023,SANLIURFA,SIRALI 5 Lİ BAHİS,1,8/11/13/3/6,26903.71
06/03/2023,SANLIURFA,SIRALI 5 Lİ BAHİS,1,1/14/12/2/4,30751.04
08/03/2023,SANLIURFA,SIRALI 5 Lİ BAHİS,1,2/8/11/12/4,95739.44
10/03/2023,ANTALYA,SIRALI 5 Lİ BAHİS,1,8/10/1/3/6,48350.1
13/03/2023,BURSA,SIRALI 5 Lİ BAHİS,1,6/14/2/5/4,50472.75
18/03/2023,ISTANBUL,SIRALI 5 Lİ BAHİS,1,2/8/10/12/7,20418.14
19/03/2023,ADANA,SIRALI 5 Lİ BAHİS,1,1/5/6/7/9,19521.28
20/03/2023,SANLIURFA,SIRALI 5 Lİ BAHİS,1,1/8/13/11/3,12013.65
20/03/2023,SANLIURFA,SIRALI 5 Lİ BAHİS,1,7/10/12/6/4,41389.63
22/03/2023,SANLIURFA,SIRALI 5 Lİ BAHİS,1,8/10/9/14/7,18769.8
22/03/2023,SANLIURFA,SIRALI 5 Lİ BAHİS,1,3/5/1/12/9,47826.89
25/03/2023,ADANA,SIRALI 5 Lİ BAHİS,1,1/2/4/12/8,36206.37
25/03/2023,ISTANBUL,SIRALI 5 Lİ BAHİS,1,1/7/6/9/14,28632.77
25/03/2023,ISTANBUL,SIRALI 5 Lİ BAHİS,1,6/7/8/5/3,77210.85
27/03/2023,BURSA,SIRALI 5 Lİ BAHİS,1,9/1/13/12/4,53399.23
27/03/2023,SANLIURFA,SIRALI 5 Lİ BAHİS,1,18/17/1/6/5,29178.01
30/03/2023,KOCAELI,SIRALI 5 Lİ BAHİS,1,12/2/8/9/11,44478.9
01/04/2023,ADANA,SIRALI 5 Lİ BAHİS,1,11/13/14/5/17,17463.45
02/04/2023,IZMIR,SIRALI 5 Lİ BAHİS,1,11/8/3/4/1,44866.22
03/04/2023,SANLIURFA,SIRALI 5 Lİ BAHİS,1,9/13/5/4/6,12020.7
04/04/2023,ADANA,SIRALI 5 Lİ BAHİS,1,3/11/15/12/9,47373.89
05/04/2023,SANLIURFA,SIRALI 5 Lİ BAHİS,1,7/15/11/6/1,38380.38
08/04/2023,ISTANBUL,SIRALI 5 Lİ BAHİS,1,8/9/11/13/6,20252.99
10/04/2023,BURSA,SIRALI 5 Lİ BAHİS,1,2/8/7/13/9,14620.66
10/04/2023,BURSA,SIRALI 5 Lİ BAHİS,1,15/2/10/3/9,60645.62
10/04/2023,BURSA,6'LI GANYAN,2,4/2/4/1/15/8,3887661.97
14/04/2023,BURSA,SIRALI 5 Lİ BAHİS,1,11/3/5/2/6,13867.39
17/04/2023,SANLIURFA,SIRALI 5 Lİ BAHİS,1,9/4/5/7/13,12001.95
17/04/2023,SANLIURFA,SIRALI 5 Lİ BAHİS,1,13/6/9/16/7,26006.68
24/04/2023,SANLIURFA,SIRALI 5 Lİ BAHİS,1,2/7/6/3/9,10920.44
24/04/2023,SANLIURFA,SIRALI 5 Lİ BAHİS,1,6/5/2/7/14,28251.74
24/04/2023,SANLIURFA,SIRALI 5 Lİ BAHİS,1,6/11/10/12/9,23534.27
25/04/2023,ADANA,SIRALI 5 Lİ BAHİS,1,2/7/6/12/14,14589.0
27/04/2023,IZMIR,SIRALI 5 Lİ BAHİS,1,1/10/8/11/3,11644.07
30/04/2023,ADANA,SIRALI 5 Lİ BAHİS,1,9/6/8/3/5,12750.28
01/05/2023,BURSA,SIRALI 5 Lİ BAHİS,1,9/1/11/8/4,37366.82
01/05/2023,SANLIURFA,SIRALI 5 Lİ BAHİS,1,14/10/2/9/1,50326.96
02/05/2023,KOCAELI,SIRALI 5 Lİ BAHİS,1,2/9/8/5/3,24464.56
06/05/2023,IZMIR,SIRALI 5 Lİ BAHİS,1,5/4/6/10/2,61534.49
13/05/2023,DIYARBAKIR,SIRALI 5 Lİ BAHİS,1,6/2/10/7/11,33054.92
15/05/2023,ISTANBUL,SIRALI 5 Lİ BAHİS,1,6/10/4/8/14,39535.18
15/05/2023,SANLIURFA,SIRALI 5 Lİ BAHİS,1,2/4/10/15/3,11756.91
15/05/2023,SANLIURFA,SIRALI 5 Lİ BAHİS,1,4/8/9/13/10,29444.17
16/05/2023,KOCAELI,SIRALI 5 Lİ BAHİS,1,4/10/2/7/3,18033.98
17/05/2023,ELAZIG,SIRALI 5 Lİ BAHİS,1,15/5/3/4/13,9796.96
17/05/2023,ISTANBUL,SIRALI 5 Lİ BAHİS,1,7/1/14/13/10,16856.55
17/05/2023,ISTANBUL,SIRALI 5 Lİ BAHİS,1,15/10/1/4/12,79292.91
18/05/2023,IZMIR,SIRALI 5 Lİ BAHİS,1,4/8/12/2/11,17684.54
19/05/2023,ISTANBUL,SIRALI 5 Lİ BAHİS,1,1/7/10/9/13,104541.75
22/05/2023,SANLIURFA,SIRALI 5 Lİ BAHİS,1,11/9/8/4/15,43760.03
22/05/2023,SANLIURFA,SIRALI 5 Lİ BAHİS,1,6/9/5/11/7,20097.68
22/05/2023,SANLIURFA,SIRALI 5 Lİ BAHİS,1,5/13/15/12/10,38758.04
23/05/2023,KOCAELI,SIRALI 5 Lİ BAHİS,1,13/6/4/9/11,22788.9
27/05/2023,DIYARBAKIR,SIRALI 5 Lİ BAHİS,1,5/8/13/7/14,32789.92
27/05/2023,IZMIR,SIRALI 5 Lİ BAHİS,1,2/6/11/8/10,56589.3
29/05/2023,ISTANBUL,SIRALI 5 Lİ BAHİS,1,11/10/4/5/12,32933.47
29/05/2023,ISTANBUL,SIRALI 5 Lİ BAHİS,1,3/9/2/13/15,82195.67
29/05/2023,SANLIURFA,SIRALI 5 Lİ BAHİS,1,1/11/2/16/6,13372.66
29/05/2023,SANLIURFA,SIRALI 5 Lİ BAHİS,1,14/3/2/4/6,30467.72
29/05/2023,SANLIURFA,SIRALI 5 Lİ BAHİS,1,17/5/13/10/3,24440.39
30/05/2023,ADANA,SIRALI 5 Lİ BAHİS,1,11/6/8/4/5,12485.26
31/05/2023,ELAZIG,SIRALI 5 Lİ BAHİS,1,5/11/13/7/8,16017.52
31/05/2023,ISTANBUL,SIRALI 5 Lİ BAHİS,1,6/11/9/10/4,54479.03
03/06/2023,IZMIR,SIRALI 5 Lİ BAHİS,1,8/3/10/9/5,14734.35
04/06/2023,ISTANBUL,SIRALI 5 Lİ BAHİS,1,1/9/14/2/16,30864.83
04/06/2023,ISTANBUL,SIRALI 5 Lİ BAHİS,1,14/17/5/10/11,175966.45
06/06/2023,ANKARA,SIRALI 5 Lİ BAHİS,1,8/10/11/3/9,22820.83
09/06/2023,BURSA,SIRALI 5 Lİ BAHİS,1,12/1/5/14,22464.21
09/06/2023,BURSA,SIRALI 5 Lİ BAHİS,1,9/13/11/3/10,98668.13
10/06/2023,ANKARA,SIRALI 5 Lİ BAHİS,1,2/6/12/13/4,83745.47
10/06/2023,IZMIR,SIRALI 5 Lİ BAHİS,1,11/4/3/5/1,19919.92
11/06/2023,ISTANBUL,SIRALI 5 Lİ BAHİS,1,7/17/9/16/12,49214.26
12/06/2023,BURSA,SIRALI 5 Lİ BAHİS,1,14/2/9/6/3,113535.47
12/06/2023,BURSA,SIRALI 5 Lİ BAHİS,1,4/5/11/1/8,152389.14
12/06/2023,SANLIURFA,SIRALI 5 Lİ BAHİS,1,10/1/2/8/9,14551.21
12/06/2023,SANLIURFA,SIRALI 5 Lİ BAHİS,1,5/2/6/1/4,56419.43
13/06/2023,KOCAELI,SIRALI 5 Lİ BAHİS,1,2/10/4/6/3,16776.9
14/06/2023,ELAZIG,SIRALI 5 Lİ BAHİS,1,8/10/5/12/9,12787.0
15/06/2023,ANKARA,SIRALI 5 Lİ BAHİS,1,2/4/9/6/8,27735.31
19/06/2023,SANLIURFA,SIRALI 5 Lİ BAHİS,1,9/1/10/17/11,44529.31
21/06/2023,ELAZIG,SIRALI 5 Lİ BAHİS,1,12/4/14/6/2,29908.11
22/06/2023,IZMIR,SIRALI 5 Lİ BAHİS,1,5/2/11/1/3,39937.96
23/06/2023,BURSA,SIRALI 5 Lİ BAHİS,1,1/7/3/4/6,25012.12
23/06/2023,BURSA,SIRALI 5 Lİ BAHİS,1,1/12/13/11/5,47456.79
24/06/2023,ISTANBUL,SIRALI 5 Lİ BAHİS,1,8/13/16/7/6,34907.63
25/06/2023,ADANA,SIRALI 5 Lİ BAHİS,1,7/3/6/12/8,13101.53
25/06/2023,ISTANBUL,SIRALI 5 Lİ BAHİS,1,5/2/3/16/1,133267.28
26/06/2023,SANLIURFA,SIRALI 5 Lİ BAHİS,1,15/7/2/3/8,15148.56
26/06/2023,SANLIURFA,SIRALI 5 Lİ BAHİS,1,4/6/11/1/12,26943.08
29/06/2023,IZMIR,SIRALI 5 Lİ BAHİS,1,9/4/10/11/3,31466.02
30/06/2023,BURSA,SIRALI 5 Lİ BAHİS,1,15/6/5/9/1,23542.43
30/06/2023,BURSA,SIRALI 5 Lİ BAHİS,1,3/4/8/14/10,26102.24
01/07/2023,DIYARBAKIR,SIRALI 5 Lİ BAHİS,1,11/1/2/7/8,17357.64
01/07/2023,IZMIR,SIRALI 5 Lİ BAHİS,1,5/6/9/11/4,26789.18
03/07/2023,ELAZIG,SIRALI 5 Lİ BAHİS,1,1/4/2/10/9,57243.81
07/07/2023,BURSA,SIRALI 5 Lİ BAHİS,1,12/8/10/1/3,21401.63
09/07/2023,IZMIR,SIRALI 5 Lİ BAHİS,1,8/11/5/10/16,58747.74
10/07/2023,BURSA,SIRALI 5 Lİ BAHİS,1,13/4/1/10/5,15668.97
11/07/2023,KOCAELI,SIRALI 5 Lİ BAHİS,1,1/9/3/4/5,17841.18
13/07/2023,ANKARA,SIRALI 5 Lİ BAHİS,1,1/13/3/8/5,72780.47
14/07/2023,BURSA,SIRALI 5 Lİ BAHİS,1,14/7/10/8/3,19140.16
14/07/2023,BURSA,SIRALI 5 Lİ BAHİS,1,11/14/7/1/8,91892.97
14/07/2023,ISTANBUL,SIRALI 5 Lİ BAHİS,1,6/3/5/1/10,15324.12
15/07/2023,DIYARBAKIR,SIRALI 5 Lİ BAHİS,1,15/11/4/10/9,32020.03
16/07/2023,IZMIR,SIRALI 5 Lİ BAHİS,1,8/9/1/4/2,27091.28
20/07/2023,KOCAELI,SIRALI 5 Lİ BAHİS,1,8/12/9/3/2,26438.9
21/07/2023,BURSA,SIRALI 5 Lİ BAHİS,1,10/4/11/6/9,23423.53
22/07/2023,DIYARBAKIR,SIRALI 5 Lİ BAHİS,1,1/12/7/13/16,67781.19
22/07/2023,IZMIR,SIRALI 5 Lİ BAHİS,1,5/12/7/10/8,46179.01
24/07/2023,ELAZIG,SIRALI 5 Lİ BAHİS,1,8/12/5/14/10,20615.46
24/07/2023,ELAZIG,SIRALI 5 Lİ BAHİS,1,12/1/8/14/15,24899.44
26/07/2023,ELAZIG,SIRALI 5 Lİ BAHİS,1,4/8/9/1/2,21812.73
29/07/2023,ANKARA,SIRALI 5 Lİ BAHİS,1,7/8/6/1/11,67351.98
08/08/2023,KOCAELI,SIRALI 5 Lİ BAHİS,1,15/2/11/3/4,46931.22
09/08/2023,ELAZIG,SIRALI 5 Lİ BAHİS,1,5/7/4/8/3,24385.7
09/08/2023,ISTANBUL,SIRALI 5 Lİ BAHİS,1,13/1/6/11/2,113640.33
11/08/2023,BURSA,SIRALI 5 Lİ BAHİS,1,2/7/1/12/5,16489.02
12/08/2023,IZMIR,SIRALI 5 Lİ BAHİS,1,11/1/12/10/7,25071.44
15/08/2023,KOCAELI,SIRALI 5 Lİ BAHİS,1,12/11/3/1/5,26326.92
18/08/2023,BURSA,SIRALI 5 Lİ BAHİS,1,1/9/5/6/10,37293.58
19/08/2023,ANKARA,SIRALI 5 Lİ BAHİS,1,12/7/2/13/4,28196.76
19/08/2023,DIYARBAKIR,SIRALI 5 Lİ BAHİS,1,8/9/12/13/6,6491.07
19/08/2023,IZMIR,SIRALI 5 Lİ BAHİS,1,9/10/8/3/6,19736.0
19/08/2023,IZMIR,SIRALI 5 Lİ BAHİS,1,2/10/8/3/1,51641.95
19/08/2023,IZMIR,SIRALI 5 Lİ BAHİS,1,11/1/8/2/10,67510.58
23/08/2023,ISTANBUL,SIRALI 5 Lİ BAHİS,1,1/12/5/9/6,28580.81
01/09/2023,IZMIR,SIRALI 5 Lİ BAHİS,1,3/6/7/12/11,14895.33
03/09/2023,ADANA,SIRALI 5 Lİ BAHİS,1,1/8/4/3/12,18103.53
04/09/2023,ELAZIG,SIRALI 5 Lİ BAHİS,1,10/12/11/8/5,67258.74
09/09/2023,DIYARBAKIR,SIRALI 5 Lİ BAHİS,1,1/3/4/14/7,12457.26
09/09/2023,DIYARBAKIR,SIRALI 5 Lİ BAHİS,1,5/15/10/3/12,53514.29
10/09/2023,ADANA,SIRALI 5 Lİ BAHİS,1,11/10/4/12/9,47393.84
10/09/2023,ISTANBUL,SIRALI 5 Lİ BAHİS,1,9/4/5/14/3,25755.58
11/09/2023,BURSA,SIRALI 5 Lİ BAHİS,1,9/6/8/10/1,21111.06
14/09/2023,IZMIR,SIRALI 5 Lİ BAHİS,1,4/12/11/8/9,9236.04
15/09/2023,BURSA,SIRALI 5 Lİ BAHİS,1,8/12/5/9/3,69937.93
15/09/2023,ISTANBUL,SIRALI 5 Lİ BAHİS,1,10/11/12/18/21,39826.12
16/09/2023,DIYARBAKIR,SIRALI 5 Lİ BAHİS,1,13/9/12/2/5,78092.19
17/09/2023,ISTANBUL,SIRALI 5 Lİ BAHİS,1,10/8/9/3/11,45543.28
18/09/2023,BURSA,SIRALI 5 Lİ BAHİS,1,3/5/14/9/11,111822.23
21/09/2023,IZMIR,SIRALI 5 Lİ BAHİS,1,8/6/16/4/3,89591.27
23/09/2023,DIYARBAKIR,SIRALI 5 Lİ BAHİS,1,15/3/13/10/2,12018.77
23/09/2023,IZMIR,SIRALI 5 Lİ BAHİS,1,2/5/9/3/8,71433.45
24/09/2023,ISTANBUL,SIRALI 5 Lİ BAHİS,1,11/1/3/10/7,46489.18
25/09/2023,BURSA,SIRALI 5 Lİ BAHİS,1,8/10/4/11/1,33828.97
25/09/2023,BURSA,SIRALI 5 Lİ BAHİS,1,9/3/14/11/10,137482.65
30/09/2023,DIYARBAKIR,SIRALI 5 Lİ BAHİS,1,7/3/6/8/12,15268.17
30/09/2023,DIYARBAKIR,SIRALI 5 Lİ BAHİS,1,1/14/6/10/11,28187.94
30/09/2023,IZMIR,SIRALI 5 Lİ BAHİS,1,6/5/9/2/3,86247.64
05/10/2023,IZMIR,SIRALI 5 Lİ BAHİS,1,4/8/11/2/9,115455.31
09/10/2023,BURSA,SIRALI 5 Lİ BAHİS,1,4/6/13/2/7,19952.07
10/10/2023,ADANA,SIRALI 5 Lİ BAHİS,1,2/1/9/3/11,23473.39
10/10/2023,KOCAELI,SIRALI 5 Lİ BAHİS,1,14/2/12/8/6,85230.89
12/10/2023,IZMIR,SIRALI 5 Lİ BAHİS,1,12/1/7/8/5,78394.95
14/10/2023,DIYARBAKIR,SIRALI 5 Lİ BAHİS,1,5/3/7/10/11,41849.05
21/10/2023,DIYARBAKIR,SIRALI 5 Lİ BAHİS,1,6/5/7/4/2,31726.06
21/10/2023,IZMIR,SIRALI 5 Lİ BAHİS,1,9/3/7/10/12,57000.08
22/10/2023,ISTANBUL,SIRALI 5 Lİ BAHİS,1,4/5/2/11/7,32448.1
26/10/2023,IZMIR,SIRALI 5 Lİ BAHİS,1,1/9/4/6/10,32827.1
28/10/2023,ANKARA,SIRALI 5 Lİ BAHİS,1,8/6/14/10/5,48592.44
28/10/2023,DIYARBAKIR,SIRALI 5 Lİ BAHİS,1,4/8/5/3/2,52156.93
30/10/2023,BURSA,SIRALI 5 Lİ BAHİS,1,11/4/1/10/2,30604.73
31/10/2023,ADANA,SIRALI 5 Lİ BAHİS,1,13/6/1/10/2,35576.99
01/11/2023,ISTANBUL,SIRALI 5 Lİ BAHİS,1,7/16/2/1/4,84446.86
02/11/2023,IZMIR,SIRALI 5 Lİ BAHİS,1,1/8/11/5/4,32290.57
02/11/2023,IZMIR,SIRALI 5 Lİ BAHİS,1,15/2/9/10,107222.14
04/11/2023,IZMIR,SIRALI 5 Lİ BAHİS,1,5/12/13/6/10,35696.04
11/11/2023,IZMIR,SIRALI 5 Lİ BAHİS,1,1/11/3/10/5,26090.12
12/11/2023,ISTANBUL,SIRALI 5 Lİ BAHİS,1,5/9/10/3/12,28680.34
13/11/2023,SANLIURFA,SIRALI 5 Lİ BAHİS,1,7/10/1/5/11,45340.22
15/11/2023,SANLIURFA,SIRALI 5 Lİ BAHİS,1,8/4/2/12/9,59760.23
16/11/2023,KOCAELI,SIRALI 5 Lİ BAHİS,1,4/11/10/3/12,23198.93
18/11/2023,ISTANBUL,SIRALI 5 Lİ BAHİS,1,2/9/7/11/5,40181.6
19/11/2023,ADANA,SIRALI 5 Lİ BAHİS,1,4/1/13/9/10,105449.93
20/11/2023,SANLIURFA,SIRALI 5 Lİ BAHİS,1,8/3/13/2/5,48958.37
25/11/2023,DIYARBAKIR,SIRALI 5 Lİ BAHİS,1,6/5/13/7/12,47034.62
27/11/2023,SANLIURFA,SIRALI 5 Lİ BAHİS,1,2/14/1/15/4,53183.56
29/11/2023,ISTANBUL,SIRALI 5 Lİ BAHİS,1,9/12/7/13/5,29122.38
30/11/2023,IZMIR,SIRALI 5 Lİ BAHİS,1,10/1/8/6/2,78716.43
04/12/2023,SANLIURFA,SIRALI 5 Lİ BAHİS,1,5/1/6/4/9,25436.68
09/12/2023,ADANA,SIRALI 5 Lİ BAHİS,1,5/4/10/1/3,27148.73
09/12/2023,ISTANBUL,SIRALI 5 Lİ BAHİS,1,2/6/10/4/12,36801.46
10/12/2023,ADANA,SIRALI 5 Lİ BAHİS,1,4/10/1/14/16,27245.26
11/12/2023,SANLIURFA,SIRALI 5 Lİ BAHİS,1,6/4/1/10/7,42901.66
11/12/2023,SANLIURFA,SIRALI 5 Lİ BAHİS,1,7/2/6/9/11,111888.92
13/12/2023,ISTANBUL,SIRALI 5 Lİ BAHİS,1,3/6/4/8/7,86585.18
13/12/2023,SANLIURFA,SIRALI 5 Lİ BAHİS,1,10/8/13/2/5,22459.5
13/12/2023,SANLIURFA,SIRALI 5 Lİ BAHİS,1,16/7/10/4/1,69238.58
19/12/2023,ANTALYA,SIRALI 5 Lİ BAHİS,1,8/12/13/4/1,21911.41
19/12/2023,ANTALYA,SIRALI 5 Lİ BAHİS,1,14/10/7/11/15,111319.21
25/12/2023,SANLIURFA,SIRALI 5 Lİ BAHİS,1,6/8/15/11/14,58860.23
10/01/2024,SANLIURFA,SIRALI 5 Lİ BAHİS,1,10/5/4/12/14,28866.0
10/01/2024,SANLIURFA,SIRALI 5 Lİ BAHİS,1,6/14/3/11/9,34202.5
10/01/2024,SANLIURFA,SIRALI 5 Lİ BAHİS,1,3/16/14/9/7,88052.75
11/01/2024,IZMIR,SIRALI 5 Lİ BAHİS,1,1/13/14/9/8,28623.75
13/01/2024,ISTANBUL,SIRALI 5 Lİ BAHİS,1,15/16/12/14/9,75818.25
14/01/2024,ADANA,SIRALI 5 Lİ BAHİS,1,10/6/2/12/8,23139.5
15/01/2024,BURSA,SIRALI 5 Lİ BAHİS,1,5/1/14/2/11,92850.75
15/01/2024,SANLIURFA,SIRALI 5 Lİ BAHİS,1,8/14/4/12/6,148110.25
15/01/2024,SANLIURFA,SIRALI 5 Lİ BAHİS,1,7/1/16/8/3,56166.25
17/01/2024,SANLIURFA,SIRALI 5 Lİ BAHİS,1,5/3/6/1/15,81241.75
19/01/2024,ANTALYA,SIRALI 5 Lİ BAHİS,1,5/8/11/1/4,35965.0
19/01/2024,ANTALYA,SIRALI 5 Lİ BAHİS,1,13/4/1/5/11,106239.0
19/01/2024,IZMIR,SIRALI 5 Lİ BAHİS,1,3/8/9/4/2,100076.5
22/01/2024,BURSA,SIRALI 5 Lİ BAHİS,1,10/2/8/5/13,73363.5
22/01/2024,SANLIURFA,SIRALI 5 Lİ BAHİS,1,1/11/2/9/7,31157.25
29/01/2024,SANLIURFA,SIRALI 5 Lİ BAHİS,1,7/10/12/6/2,51482.0
05/02/2024,BURSA,SIRALI 5 Lİ BAHİS,1,14/18/11/3/4,100404.0
05/02/2024,SANLIURFA,SIRALI 5 Lİ BAHİS,1,11/12/5/6/14,41805.5
06/02/2024,ANTALYA,SIRALI 5 Lİ BAHİS,1,14/10/8/7/11,61679.0
12/02/2024,SANLIURFA,SIRALI 5 Lİ BAHİS,1,6/7/3/8/11,15235.75
12/02/2024,SANLIURFA,SIRALI 5 Lİ BAHİS,1,11/10/2/3/14,67275.25
13/02/2024,ANTALYA,SIRALI 5 Lİ BAHİS,1,3/12/9/4/5,54309.0
14/02/2024,ISTANBUL,SIRALI 5 Lİ BAHİS,1,12/10/11/1/14,89942.75
14/02/2024,SANLIURFA,SIRALI 5 Lİ BAHİS,1,7/8/1/3/4,32671.75
19/02/2024,SANLIURFA,SIRALI 5 Lİ BAHİS,1,13/3/4/6/10,89270.0
22/02/2024,KOCAELI,SIRALI 5 Lİ BAHİS,1,7/12/4/1/5,38539.5
26/02/2024,SANLIURFA,SIRALI 5 Lİ BAHİS,1,7/3/8/11/4,30760.25
28/02/2024,SANLIURFA,SIRALI 5 Lİ BAHİS,1,1/4/14/10/18,13997.25
28/02/2024,SANLIURFA,SIRALI 5 Lİ BAHİS,1,12/5/10/13/1,62500.25
04/03/2024,SANLIURFA,SIRALI 5 Lİ BAHİS,1,10/13/4/1/14,16607.75
06/03/2024,ISTANBUL,SIRALI 5 Lİ BAHİS,1,9/7/5/12/8,193826.75
08/03/2024,ANTALYA,SIRALI 5 Lİ BAHİS,1,6/1/7/9/4,73158.75
11/03/2024,BURSA,SIRALI 5 Lİ BAHİS,1,8/13/7/10/11,2711.0
11/03/2024,SANLIURFA,SIRALI 5 Lİ BAHİS,1,14/4/18/15/16,9044.75
12/03/2024,ANTALYA,SIRALI 5 Lİ BAHİS,1,7/1/4/2/3,84338.25
13/03/2024,SANLIURFA,SIRALI 5 Lİ BAHİS,1,8/2/6/4/7,23463.5
14/03/2024,KOCAELI,SIRALI 5 Lİ BAHİS,1,13/10/4/3/11,110516.0
16/03/2024,ISTANBUL,SIRALI 5 Lİ BAHİS,1,2/4/5/12/3,32232.0
18/03/2024,BURSA,SIRALI 5 Lİ BAHİS,1,2/11/12/6/8,89514.0
20/03/2024,SANLIURFA,SIRALI 5 Lİ BAHİS,1,10/14/11/15/4,20093.5
23/03/2024,ADANA,SIRALI 5 Lİ BAHİS,1,11/4/2/6/10,30791.75
25/03/2024,BURSA,SIRALI 5 Lİ BAHİS,1,9/11/2/4/8,130330.5
25/03/2024,SANLIURFA,SIRALI 5 Lİ BAHİS,1,8/5/2/3/9,14962.0
25/03/2024,SANLIURFA,SIRALI 5 Lİ BAHİS,1,9/8/6/4/2,40072.5
25/03/2024,SANLIURFA,SIRALI 5 Lİ BAHİS,1,5/13/3/4/11,82843.75
25/03/2024,SANLIURFA,SIRALI 5 Lİ BAHİS,1,4/8/9/1/6,207194.5
27/03/2024,SANLIURFA,SIRALI 5 Lİ BAHİS,1,9/7/14/11/5,24136.5
27/03/2024,SANLIURFA,SIRALI 5 Lİ BAHİS,1,8/9/14/15/5,79155.0
28/03/2024,KOCAELI,SIRALI 5 Lİ BAHİS,1,8/6/4/13/9,32379.5
30/03/2024,ISTANBUL,SIRALI 5 Lİ BAHİS,1,3/7/4/9/12,24189.0
04/04/2024,KOCAELI,SIRALI 5 Lİ BAHİS,1,5/10/12/9/11,24484.0
17/04/2024,ELAZIG,SIRALI 5 Lİ BAHİS,1,4/3/1/12/7,33820.75
17/04/2024,ISTANBUL,SIRALI 5 Lİ BAHİS,1,9/8/10/7/11,34399.5
19/04/2024,BURSA,SIRALI 5 Lİ BAHİS,1,14/6/13/15/10,48598.0
19/04/2024,BURSA,6'LI GANYAN,2,11/14/9/7/5/19,7336858.6
19/04/2024,BURSA,SIRALI 5 Lİ BAHİS,1,19/9/10/2/8,84983.0
20/04/2024,DBAKIR,SIRALI 5 Lİ BAHİS,1,9/1/12/14/7,43800.25
21/04/2024,ADANA,SIRALI 5 Lİ BAHİS,1,8/5/11/9/3,50105.0
23/04/2024,ADANA,ÜÇLÜ BAHİS,1,7/5/3,32106.55
23/04/2024,ADANA,SIRALI 5 Lİ BAHİS,1,7/5/3/2/9,36216.5
23/04/2024,ADANA,SIRALI 5 Lİ BAHİS,1,11/6/9/4/3,98966.75
26/04/2024,BURSA,SIRALI 5 Lİ BAHİS,1,15/19/10/6/16,147097.25
26/04/2024,BURSA,SIRALI 5 Lİ BAHİS,1,6/10/3/15/11,184501.0
01/05/2024,ELAZIG,SIRALI 5 Lİ BAHİS,1,4/12/1/2/8,28017.25
03/05/2024,ISTANBUL,SIRALI 5 Lİ BAHİS,1,10/6/12/2/13,129537.75
05/05/2024,ADANA,SIRALI 5 Lİ BAHİS,1,9/6/11/8/5,32932.5
06/05/2024,BURSA,SIRALI 5 Lİ BAHİS,1,10/2/11/12/14,28632.75
06/05/2024,SANLIURFA,SIRALI 5 Lİ BAHİS,1,3/9/12/7/5,29755.75
09/05/2024,ANKARA,SIRALI 5 Lİ BAHİS,1,10/4/3/12/9,44236.5
09/05/2024,ANKARA,SIRALI 5 Lİ BAHİS,1,6/9/12/13/1,217527.0
10/05/2024,BURSA,SIRALI 5 Lİ BAHİS,1,14/3/12/13/10,27430.75
10/05/2024,BURSA,SIRALI 5 Lİ BAHİS,1,12/15/1/13/11,136634.0
10/05/2024,ISTANBUL,SIRALI 5 Lİ BAHİS,1,7/16/1/4/3,117967.25
11/05/2024,ANKARA,SIRALI 5 Lİ BAHİS,1,"2/6,3/13/7/12",355689.5
11/05/2024,DBAKIR,SIRALI 5 Lİ BAHİS,1,1/12/6/11/5,44601.25
12/05/2024,ADANA,SIRALI 5 Lİ BAHİS,1,10/3/1/8/4,19435.25
12/05/2024,ISTANBUL,SIRALI 5 Lİ BAHİS,1,3/6/17/9/4,105298.0
17/05/2024,ISTANBUL,SIRALI 5 Lİ BAHİS,1,1/2/6/7/5,161546.26
18/05/2024,ANKARA,SIRALI 5 Lİ BAHİS,1,7/12/8/11/10,27648.01
18/05/2024,DBAKIR,SIRALI 5 Lİ BAHİS,1,10/9/1/12/5,88975.38
20/05/2024,BURSA,SIRALI 5 Lİ BAHİS,1,3/12/10/1/11,76781.63
20/05/2024,BURSA,SIRALI 5 Lİ BAHİS,1,2/12/10/20/1,109951.51
20/05/2024,SANLIURFA,SIRALI 5 Lİ BAHİS,1,14/11/13/9/15,37453.13
21/05/2024,KOCAELI,SIRALI 5 Lİ BAHİS,1,1/5/7/14/8,59457.39
27/05/2024,SANLIURFA,SIRALI 5 Lİ BAHİS,1,5/9/10/4/6,57950.25
27/05/2024,SANLIURFA,SIRALI 5 Lİ BAHİS,1,8/3/4/17/18,118358.26
28/05/2024,KOCAELI,SIRALI 5 Lİ BAHİS,1,3/14/6/11/2,90049.89
05/06/2024,ELAZIG,SIRALI 5 Lİ BAHİS,1,14/2/12/6/7,92924.55
07/06/2024,BURSA,SIRALI 5 Lİ BAHİS,1,5/8/6/15/12,74115.45
08/06/2024,ANTALYA,SIRALI 5 Lİ BAHİS,1,7/9/3/8/11,70438.05
08/06/2024,DBAKIR,SIRALI 5 Lİ BAHİS,1,2/11/9/15/4,127422.0
09/06/2024,ISTANBUL,SIRALI 5 Lİ BAHİS,1,7/6/12/13/2,374208.3
10/06/2024,SANLIURFA,SIRALI 5 Lİ BAHİS,1,1/12/5/9/2,64347.75
12/06/2024,ISTANBUL,SIRALI 5 Lİ BAHİS,1,13/2/4/12/5,706147.65
12/06/2024,ISTANBUL,6'LI GANYAN,2,5/13/11/3/1/8,12019542.0
12/06/2024,ISTANBUL,5'Lİ GANYAN,2,13/11/3/1/8,2549055.3
15/06/2024,DBAKIR,SIRALI 5 Lİ BAHİS,1,9/1/5/3/10,109006.2
16/06/2024,ISTANBUL,SIRALI 5 Lİ BAHİS,1,16/18/9/5/4,182007.0
19/06/2024,ISTANBUL,SIRALI 5 Lİ BAHİS,1,3/2/13/8/5,262222.2
26/06/2024,BURSA,SIRALI 5 Lİ BAHİS,1,8/10/14/11/7,97859.25
28/06/2024,ELAZIG,SIRALI 5 Lİ BAHİS,1,10/6/2/4/7,74531.25
30/06/2024,ISTANBUL,SIRALI 5 Lİ BAHİS,1,5/16/2/13/15,538805.25
01/07/2024,BURSA,SIRALI 5 Lİ BAHİS,1,6/17/13/7/1,86090.85
01/07/2024,BURSA,SIRALI 5 Lİ BAHİS,1,3/20/1/6/7,297872.1
01/07/2024,ELAZIG,SIRALI 5 Lİ BAHİS,1,1/5/9/2/8,119881.35
03/07/2024,ISTANBUL,SIRALI 5 Lİ BAHİS,1,1/8/12/9/6,119919.15
04/07/2024,KOCAELI,SIRALI 5 Lİ BAHİS,1,2/6/10/1/11,81909.45
06/07/2024,DBAKIR,SIRALI 5 Lİ BAHİS,1,6/1/11/5/2,86341.95
08/07/2024,ELAZIG,SIRALI 5 Lİ BAHİS,1,12/6/2/8/13,196221.6
12/07/2024,BURSA,SIRALI 5 Lİ BAHİS,1,8/4/7/10/5,67516.65
13/07/2024,ANKARA,SIRALI 5 Lİ BAHİS,1,5/8/9/15/1,145734.75
16/07/2024,KOCAELI,SIRALI 5 Lİ BAHİS,1,14/11/13/15/10,288389.25
17/07/2024,ELAZIG,SIRALI 5 Lİ BAHİS,1,10/13/2/15/6,82351.35
17/07/2024,ELAZIG,SIRALI 5 Lİ BAHİS,1,5/8/2/1/12,114664.5
17/07/2024,ELAZIG,7'Lİ PLASE,1,"2,10/1,5,10/2,12/12,14/1,3/5,8/5,13",438769.5
17/07/2024,ELAZIG,SIRALI 5 Lİ BAHİS,1,13/5/9/10/12,396423.9
19/07/2024,BURSA,SIRALI 5 Lİ BAHİS,1,7/11/8/13/10,80393.4
29/07/2024,ELAZIG,SIRALI 5 Lİ BAHİS,1,12/7/3/8/13,65838.6
31/07/2024,ELAZIG,SIRALI 5 Lİ BAHİS,1,10/8/12/1/5,67345.65
05/08/2024,BURSA,SIRALI 5 Lİ BAHİS,1,2/3/11/14/1,188293.95
07/08/2024,ELAZIG,6'LI GANYAN,2,"11/4,11/5/8/7/14",8037053.8
07/08/2024,ELAZIG,SIRALI 5 Lİ BAHİS,1,14/13/16/5/12,266670.45
10/08/2024,IZMIR,SIRALI 5 Lİ BAHİS,1,4/10/9/11/8,223591.95
11/08/2024,ISTANBUL,SIRALI 5 Lİ BAHİS,1,1/3/9/12/4,273077.1
11/08/2024,IZMIR,SIRALI 5 Lİ BAHİS,1,4/12/8/9/3,530693.55
12/08/2024,BURSA,SIRALI 5 Lİ BAHİS,1,6/11/14/10/9,294787.35
17/08/2024,DBAKIR,SIRALI 5 Lİ BAHİS,1,7/5/2/12/13,112130.1
24/08/2024,DBAKIR,SIRALI 5 Lİ BAHİS,1,11/8/12/7/3,46186.65
24/08/2024,IZMIR,SIRALI 5 Lİ BAHİS,1,10/11/8/12/6,146884.5
30/08/2024,BURSA,SIRALI 5 Lİ BAHİS,1,8/7/14/10/9,239804.55
09/09/2024,BURSA,SIRALI 5 Lİ BAHİS,1,5/11/7/1/9,129519.9
09/09/2024,ELAZIG,SIRALI 5 Lİ BAHİS,1,5/8/13/7/9,68096.25
15/09/2024,ADANA,SIRALI 5 Lİ BAHİS,1,7/4/11/3/6,89473.95
16/09/2024,BURSA,SIRALI 5 Lİ BAHİS,1,10/9/3/14/16,223882.65
17/09/2024,KOCAELI,SIRALI 5 Lİ BAHİS,1,9/6/3/8/7,127858.5
18/09/2024,ISTANBUL,SIRALI 5 Lİ BAHİS,1,9/10/5/7/4,233280.0
21/09/2024,IZMIR,SIRALI 5 Lİ BAHİS,1,3/8/1/13/10,104972.85
22/09/2024,ADANA,SIRALI 5 Lİ BAHİS,1,8/1/3/2/6,85224.15
28/09/2024,DBAKIR,SIRALI 5 Lİ BAHİS,1,4/7/9/1/13,81098.1
07/10/2024,BURSA,SIRALI 5 Lİ BAHİS,1,13/3/9/10/8,122414.4
17/10/2024,ANKARA,SIRALI 5 Lİ BAHİS,1,2/5/10/3/6,469779.87
22/10/2024,KOCAELI,SIRALI 5 Lİ BAHİS,1,14/5/1/4//7,391669.8
25/10/2024,SANLIURFA,SIRALI 5 Lİ BAHİS,1,4/3/1/8/12,73379.82
26/10/2024,IZMIR,SIRALI 5 Lİ BAHİS,1,14/9/12/7/15,143463.0
31/10/2024,IZMIR,SIRALI 5 Lİ BAHİS,1,9/12/6/8/1,235458.33
02/11/2024,IZMIR,SIRALI 5 Lİ BAHİS,1,11/4/9/5/8,149809.95
06/11/2024,ISTANBUL,SIRALI 5 Lİ BAHİS,1,6/2/11/5/12,246930.78
10/11/2024,ADANA,SIRALI 5 Lİ BAHİS,1,6/11/2/9/3,269140.26
16/11/2024,IZMIR,SIRALI 5 Lİ BAHİS,1,15/5/11/12/10,475611.21
25/11/2024,SANLIURFA,SIRALI 5 Lİ BAHİS,1,16/13/10/11/12,261942.63
04/12/2024,SANLIURFA,SIRALI 5 Lİ BAHİS,1,12/7/4/13/5,315888.39
09/12/2024,BURSA,SIRALI 5 Lİ BAHİS,1,10/7/15/11/16,355044.66
09/12/2024,SANLIURFA,SIRALI 5 Lİ BAHİS,1,12/15/3/10/4,174812.19
11/12/2024,SANLIURFA,SIRALI 5 Lİ BAHİS,1,11/6/7/1/8,112541.7
25/12/2024,SANLIURFA,SIRALI 5 Lİ BAHİS,1,8/5/7/16/3,108141.14
27/12/2024,ANTALYA,SIRALI 5 Lİ BAHİS,1,7/13/15/5/8,373684.42
06/01/2025,SANLIURFA,SIRALI 5 Lİ BAHİS,1,11/5/10/13/3,176875.2
09/01/2025,ANTALYA,SIRALI 5 Lİ BAHİS,1,5/11/1/7/9,217751.85
11/01/2025,ISTANBUL,SIRALI 5 Lİ BAHİS,1,9/2/1/6/5,81800.82
11/01/2025,ISTANBUL,SIRALI 5 Lİ BAHİS,1,14/8/5/9/7,289867.47
20/01/2025,SANLIURFA,6'LI GANYAN,2,10/7/1/8/2/12,13848734.9
20/01/2025,SANLIURFA,SIRALI 5 Lİ BAHİS,1,12/10/15/9/4,150159.9
21/01/2025,ADANA,SIRALI 5 Lİ BAHİS,1,6/3/8/12/11,268143.57
22/01/2025,SANLIURFA,SIRALI 5 Lİ BAHİS,1,11/6/7/13/2,263012.07
22/01/2025,SANLIURFA,SIRALI 5 Lİ BAHİS,1,3/5/10/1/9,550984.92
26/01/2025,IZMIR,SIRALI 5 Lİ BAHİS,1,8/10/6/3/12,180524.44
28/01/2025,ANTALYA,SIRALI 5 Lİ BAHİS,1,4/9/8/12/6,208135.13
30/01/2025,ANTALYA,SIRALI 5 Lİ BAHİS,1,16/9/4/1/18,175456.05
31/01/2025,IZMIR,SIRALI 5 Lİ BAHİS,1,4/7/10/6/11,142748.52
02/02/2025,ADANA,SIRALI 5 Lİ BAHİS,1,5/1/2/4/14,205727.78
07/02/2025,IZMIR,SIRALI 5 Lİ BAHİS,1,13/16/3/5/4,96312.15
10/02/2025,SANLIURFA,SIRALI 5 Lİ BAHİS,1,7/3/4/8/10,86615.93
10/02/2025,SANLIURFA,SIRALI 5 Lİ BAHİS,1,8/5/1/16/3,134020.43
11/02/2025,ADANA,SIRALI 5 Lİ BAHİS,1,9/5/14/11/7,227753.63
12/02/2025,SANLIURFA,SIRALI 5 Lİ BAHİS,1,11/15/7/3/12,246844.55
12/02/2025,SANLIURFA,7'Lİ PLASE,1,"1,6/2,4/11,15/2,9,10/2,9/4,6/5,9",586773.0
24/02/2025,SANLIURFA,SIRALI 5 Lİ BAHİS,1,4/15/10/3/13,102762.57
24/02/2025,SANLIURFA,SIRALI 5 Lİ BAHİS,1,9/8/10/12/5,85160.25
24/02/2025,SANLIURFA,7'Lİ PLASE,1,"4,15/4,9/3,9/8,9/1,8/6,8/3,13",676591.38
25/02/2025,ANTALYA,SIRALI 5 Lİ BAHİS,1,1/13/18/8/16,250773.75
26/02/2025,SANLIURFA,SIRALI 5 Lİ BAHİS,1,1/13/4/12/6,117338.63
26/02/2025,SANLIURFA,SIRALI 5 Lİ BAHİS,1,8/1/4/17/10,196511.07
28/02/2025,IZMIR,SIRALI 5 Lİ BAHİS,1,2/12/5/4/8,435903.75
03/03/2025,SANLIURFA,SIRALI 5 Lİ BAHİS,1,12/11/4/2/13,126905.63
05/03/2025,SANLIURFA,SIRALI 5 Lİ BAHİS,1,5/6/2/4/10,233450.44
09/03/2025,IZMIR,SIRALI 5 Lİ BAHİS,1,3/7/2/1/4,178194.94
10/03/2025,SANLIURFA,SIRALI 5 Lİ BAHİS,1,12/6/4/10/2,382164.19
11/03/2025,ANTALYA,SIRALI 5 Lİ BAHİS,1,9/3/7/1/4,294472.69
12/03/2025,ISTANBUL,SIRALI 5 Lİ BAHİS,1,14/13/16/2/4,301859.44
12/03/2025,SANLIURFA,SIRALI 5 Lİ BAHİS,1,7/10/5/16/9,36676.69
12/03/2025,SANLIURFA,SIRALI 5 Lİ BAHİS,1,16/8/13/6/5,164713.51
12/03/2025,SANLIURFA,SIRALI 5 Lİ BAHİS,1,"5,12/8/13/11",222592.5
17/03/2025,SANLIURFA,SIRALI 5 Lİ BAHİS,1,9/5/4/11/14,271319.63
18/03/2025,ANTALYA,SIRALI 5 Lİ BAHİS,1,15/2/14/6/9,239969.25
24/03/2025,SANLIURFA,SIRALI 5 Lİ BAHİS,1,9/16/1/7/15,110665.13
24/03/2025,SANLIURFA,SIRALI 5 Lİ BAHİS,1,10/5/18/6/16,284401.13
26/03/2025,ISTANBUL,SIRALI 5 Lİ BAHİS,1,9/14/4/15/8,175570.32
26/03/2025,SANLIURFA,SIRALI 5 Lİ BAHİS,1,4/1/8/3/7,193467.38
31/03/2025,BURSA,SIRALI 5 Lİ BAHİS,1,11/9/14/12/17,336642.75
02/04/2025,ELAZIG,SIRALI 5 Lİ BAHİS,1,1/8/3/12/6,286013.25
02/04/2025,ISTANBUL,SIRALI 5 Lİ BAHİS,1,3/6/4/12/14,490038.75
05/04/2025,ADANA,SIRALI 5 Lİ BAHİS,1,13/4/14/10/12,385724.25
07/04/2025,BURSA,SIRALI 5 Lİ BAHİS,1,13/15/6/12/16,928491.19
14/04/2025,BURSA,SIRALI 5 Lİ BAHİS,1,4/13/11/5/1,155953.69
14/04/2025,SANLIURFA,SIRALI 5 Lİ BAHİS,1,4/1/6/14/7,170767.69
17/04/2025,ANKARA,SIRALI 5 Lİ BAHİS,1,12/9/11/1/4,460992.38
18/04/2025,ISTANBUL,SIRALI 5 Lİ BAHİS,1,4/8/5/10/3,476751.38
19/04/2025,ANKARA,SIRALI 5 Lİ BAHİS,1,3/19/15/13/7,389409.19
19/04/2025,DBAKIR,SIRALI 5 Lİ BAHİS,1,10/3/11/8/2,122786.44
22/04/2025,ANTALYA,SIRALI 5 Lİ BAHİS,1,10/12/15/14/3,317048.07
24/04/2025,ANKARA,SIRALI 5 Lİ BAHİS,1,15/4/14/12/7,283136.63
26/04/2025,IZMIR,SIRALI 5 Lİ BAHİS,1,8/9/2/1/3,216889.32
28/04/2025,SANLIURFA,6'LI GANYAN,1,10/7/14/3/4/7,4984634.63
29/04/2025,ELAZIG,SIRALI 5 Lİ BAHİS,1,7/3/15/10/9,344283.75
01/05/2025,IZMIR,SIRALI 5 Lİ BAHİS,1,2/3/8/12/11,112878.0
01/05/2025,IZMIR,SIRALI 5 Lİ BAHİS,1,7/8/1/12/9,401408.44
02/05/2025,BURSA,SIRALI 5 Lİ BAHİS,1,9/2/7/5/4,258444.0
03/05/2025,IZMIR,SIRALI 5 Lİ BAHİS,1,8/1/10/12/5,196540.88
05/05/2025,SANLIURFA,SIRALI 5 Lİ BAHİS,1,12/1/13/8/4,127060.32
09/05/2025,BURSA,SIRALI 5 Lİ BAHİS,1,9/7/2/13/1,471243.38
10/05/2025,DBAKIR,SIRALI 5 Lİ BAHİS,1,5/3/11/10/7,217642.5
10/05/2025,IZMIR,SIRALI 5 Lİ BAHİS,1,10/11/7/3/1,93221.43
10/05/2025,IZMIR,SIRALI 5 Lİ BAHİS,1,2/7/10/9/14,306466.88
13/05/2025,ANKARA,SIRALI 5 Lİ BAHİS,1,17/12/6/11/5,502999.32
19/05/2025,BURSA,SIRALI 5 Lİ BAHİS,1,7/12/20/5/15,337809.94
19/05/2025,SANLIURFA,6'LI GANYAN,1,"7/1/3,7/7/15/10",4740215.86
24/05/2025,IZMIR,SIRALI 5 Lİ BAHİS,1,4/6/10/1/7,460449.57
25/05/2025,ADANA,SIRALI 5 Lİ BAHİS,1,3/11/7/13/2,264249.57
31/05/2025,DBAKIR,SIRALI 5 Lİ BAHİS,1,3/5/11/12/13,139134.94
31/05/2025,DBAKIR,SIRALI 5 Lİ BAHİS,1,7/3/1/12/11,491539.51
04/06/2025,ELAZIG,SIRALI 5 Lİ BAHİS,1,4/10/3/1/14,182578.5
08/06/2025,ISTANBUL,SIRALI 5 Lİ BAHİS,1,8/10/13/4/12,312055.5
08/06/2025,ISTANBUL,SIRALI 5 Lİ BAHİS,1,3/1/13/5/4,1114065.75
09/06/2025,SANLIURFA,SIRALI 5 Lİ BAHİS,1,13/8/5/12/4,230595.0
14/06/2025,IZMIR,SIRALI 5 Lİ BAHİS,1,9/6/4/1/14,339810.75
22/06/2025,ADANA,SIRALI 5 Lİ BAHİS,1,5/9/2/8/6,249597.75
24/06/2025,KOCAELI,SIRALI 5 Lİ BAHİS,1,8/13/7/10/11,471191.25
25/06/2025,ISTANBUL,SIRALI 5 Lİ BAHİS,1,8/13/9/6/5,185761.5
27/06/2025,ELAZIG,SIRALI 5 Lİ BAHİS,1,9/13/10/7/1,115258.5
27/06/2025,ISTANBUL,SIRALI 5 Lİ BAHİS,1,9/4/1/14/5,301732.5
29/06/2025,ISTANBUL,SIRALI 5 Lİ BAHİS,1,6/9/16/2/3,873734.25
30/06/2025,BURSA,SIRALI 5 Lİ BAHİS,1,5/10/2/1/6,178725.0
30/06/2025,ELAZIG,SIRALI 5 Lİ BAHİS,1,3/5/7/6/4,169879.5
30/06/2025,ELAZIG,SIRALI 5 Lİ BAHİS,1,7/9/8/6/17,290010.75
02/07/2025,ISTANBUL,SIRALI 5 Lİ BAHİS,1,11/9/4/3/5,484601.25
05/07/2025,DBAKIR,SIRALI 5 Lİ BAHİS,1,6/7/2/8/10,334110.75
08/07/2025,ANKARA,SIRALI 5 Lİ BAHİS,1,1/14/10/12/15,552210.75
13/07/2025,IZMIR,SIRALI 5 Lİ BAHİS,1,11/5/8/3/4,105103.5
16/07/2025,ELAZIG,SIRALI 5 Lİ BAHİS,1,11/4/9/10/13,192327.0
19/07/2025,DBAKIR,SIRALI 5 Lİ BAHİS,1,1/10/6/5/13,124491.0
19/07/2025,IZMIR,6'LI GANYAN,2,8/8/1/3/4/10,15171443.45
21/07/2025,ELAZIG,SIRALI 5 Lİ BAHİS,1,6/4/7/3/8,129496.5
21/07/2025,ELAZIG,SIRALI 5 Lİ BAHİS,1,6/9/3/13/8,397901.25
22/07/2025,KOCAELI,SIRALI 5 Lİ BAHİS,1,9/3/14/10/5,337332.75
01/08/2025,BURSA,SIRALI 5 Lİ BAHİS,1,11/10/6/1/12,216613.5
01/08/2025,ISTANBUL,SIRALI 5 Lİ BAHİS,1,7/2/14/12/5,652447.5
02/08/2025,DBAKIR,SIRALI 5 Lİ BAHİS,1,7/6/4/5/13,101506.5
02/08/2025,IZMIR,SIRALI 5 Lİ BAHİS,1,8/12/7/10/2,204052.5
04/08/2025,ELAZIG,SIRALI 5 Lİ BAHİS,1,11/4/1/3/9,425785.5
10/08/2025,IZMIR,SIRALI 5 Lİ BAHİS,1,5/13/11/12/6,84643.5
11/08/2025,ELAZIG,SIRALI 5 Lİ BAHİS,1,12/6/4/5/8,430074.0
15/08/2025,BURSA,SIRALI 5 Lİ BAHİS,1,5/9/10/13/2,548358.0
16/08/2025,DBAKIR,SIRALI 5 Lİ BAHİS,1,10/6/2/5/3,121551.75
16/08/2025,DBAKIR,SIRALI 5 Lİ BAHİS,1,13/9/5/12/10,402803.25
20/08/2025,ELAZIG,SIRALI 5 Lİ BAHİS,1,11/1/7/8/4,144075.75
21/08/2025,KOCAELI,SIRALI 5 Lİ BAHİS,1,12/7/2/9/1,318917.25
23/08/2025,DBAKIR,SIRALI 5 Lİ BAHİS,1,9/8/10/6/3,542721.0
23/08/2025,DBAKIR,SIRALI 5 Lİ BAHİS,1,2/5/14/6/10,222653.25
25/08/2025,ELAZIG,SIRALI 5 Lİ BAHİS,1,6/8/10/9/12,161122.5
28/08/2025,KOCAELI,SIRALI 5 Lİ BAHİS,1,4/1/9/6/10,181449.0
30/08/2025,DBAKIR,SIRALI 5 Lİ BAHİS,1,11/1/6/4/9,334437.75
30/08/2025,IZMIR,SIRALI 5 Lİ BAHİS,1,9/12/5/1/10,427393.5
31/08/2025,ISTANBUL,SIRALI 5 Lİ BAHİS,1,12/9/5/1/7,468078.0
01/09/2025,BURSA,SIRALI 5 Lİ BAHİS,1,13/10/1/5/4,232878.75
04/09/2025,IZMIR,SIRALI 5 Lİ BAHİS,1,1/14/13/12/8,203268.0
08/09/2025,ELAZIG,SIRALI 5 Lİ BAHİS,1,10/4/11/7/3,188470.5
08/09/2025,ELAZIG,SIRALI 5 Lİ BAHİS,1,6/9/7/11/4,447157.5
09/09/2025,KOCAELI,SIRALI 5 Lİ BAHİS,1,5/7/2/12/16,685938.75
14/09/2025,ADANA,SIRALI 5 Lİ BAHİS,1,1/3/14/2/5,163890.75
14/09/2025,ADANA,SIRALI 5 Lİ BAHİS,1,14/2/3/9/4,158292.75
14/09/2025,ISTANBUL,SIRALI 5 Lİ BAHİS,1,15/14/7/3/4,456154.5
17/09/2025,ELAZIG,SIRALI 5 Lİ BAHİS,1,9/10/8/16/14,332124.75
19/09/2025,ISTANBUL,SIRALI 5 Lİ BAHİS,1,9/4/3/17/11,208752.75
20/09/2025,ANKARA,SIRALI 5 Lİ BAHİS,1,2/8/4/10/3,277080.75
20/09/2025,ANKARA,SIRALI 5 Lİ BAHİS,1,2/7/12/8/11,588903.75
22/09/2025,BURSA,SIRALI 5 Lİ BAHİS,1,5/3/1/20/6,436569.0
22/09/2025,SANLIURFA,SIRALI 5 Lİ BAHİS,1,2/6/5/11/8,74028.75
22/09/2025,SANLIURFA,SIRALI 5 Lİ BAHİS,1,11/14/4/1/9,222939.75
22/09/2025,SANLIURFA,7'Lİ PLASE,1,"6,7/4,7/2,6/4,8/1,3,5,7/11,14/5,15",793115.7
27/09/2025,DBAKIR,SIRALI 5 Lİ BAHİS,1,8/10/12/13/9,117450.0
27/09/2025,IZMIR,SIRALI 5 Lİ BAHİS,1,9/18/4/14/6,311481.75
04/10/2025,IZMIR,SIRALI 5 Lİ BAHİS,1,1/8/12/2/3,130787.25
13/10/2025,BURSA,SIRALI 5 Lİ BAHİS,1,6/13/8/1/12,364599.75
13/10/2025,SANLIURFA,SIRALI 5 Lİ BAHİS,1,12/5/8/9/3,131480.25
18/10/2025,DBAKIR,SIRALI 5 Lİ BAHİS,1,5/3/6/10/11,224433.75
22/10/2025,ISTANBUL,SIRALI 5 Lİ BAHİS,1,16/6/11/8/4,171133.5
24/10/2025,BURSA,6'LI GANYAN,1,5/5/12/6/5/6,15589483.0
25/10/2025,DBAKIR,SIRALI 5 Lİ BAHİS,1,13/11/7/14/5,394068.75
25/10/2025,DBAKIR,SIRALI 5 Lİ BAHİS,1,4/12/1/6/2,631104.0
25/10/2025,IZMIR,SIRALI 5 Lİ BAHİS,1,13/14/12/9/4,173982.75
28/10/2025,KOCAELI,SIRALI 5 Lİ BAHİS,1,4/13/16/2/14,525414.0
01/11/2025,ANKARA,SIRALI 5 Lİ BAHİS,1,13/14/8/7/11,435160.6
01/11/2025,ANKARA,6'LI GANYAN,2,3/5/13/14/8/5,24860440.8
01/11/2025,ANKARA,SIRALI 5 Lİ BAHİS,1,5/11/9/4/10,743816.5
06/11/2025,IZMIR,SIRALI 5 Lİ BAHİS,1,6/7/1/5/9,254502.5
08/11/2025,IZMIR,SIRALI 5 Lİ BAHİS,1,2/1/13/10/5,201219.9
10/11/2025,SANLIURFA,SIRALI 5 Lİ BAHİS,1,14/10/13/5/11,162080.1
15/11/2025,IZMIR,SIRALI 5 Lİ BAHİS,1,11/2/14/4/5,171211.6
15/11/2025,IZMIR,SIRALI 5 Lİ BAHİS,1,11/9/3/8/6,744657.9
15/11/2025,IZMIR,7'Lİ PLASE,1,"1,2,10/4,9/2,11/1,2/9,11/2,10/1,9",1025253.6
15/11/2025,IZMIR,SIRALI 5 Lİ BAHİS,1,9/1/14/12/10,1806484.4
16/11/2025,ADANA,SIRALI 5 Lİ BAHİS,1,9/1/11/2/5,148544.2
16/11/2025,ADANA,SIRALI 5 Lİ BAHİS,1,13/8/14/6/12,323946.7
16/11/2025,ADANA,5'Lİ GANYAN,2,13/4/8/12/1,7258361.76
16/11/2025,ISTANBUL,SIRALI 5 Lİ BAHİS,1,5/8/7/10/3,483795.9
17/11/2025,SANLIURFA,SIRALI 5 Lİ BAHİS,1,4/9/11/7/1,87634.4
17/11/2025,SANLIURFA,SIRALI 5 Lİ BAHİS,1,8/11/10/4/15,156735.6
24/11/2025,SANLIURFA,SIRALI 5 Lİ BAHİS,1,12/8/3/2/15,105787.5
24/11/2025,SANLIURFA,6'LI GANYAN,2,6/12/5/10/10/1,14900991.08
01/12/2025,SANLIURFA,SIRALI 5 Lİ BAHİS,1,12/7/4/10/8,134120.7
03/12/2025,SANLIURFA,SIRALI 5 Lİ BAHİS,1,9/5/10/14/8,146309.1
08/12/2025,SANLIURFA,SIRALI 5 Lİ BAHİS,1,2/8/16/5/7,132318.9
11/12/2025,ANTALYA,SIRALI 5 Lİ BAHİS,1,9/11/2/5/12,200727.8
16/12/2025,ANTALYA,SIRALI 5 Lİ BAHİS,1,12/9/11/5/8,409917.2
17/12/2025,SANLIURFA,SIRALI 5 Lİ BAHİS,1,12/4/7/14/2,134417.5
22/12/2025,SANLIURFA,SIRALI 5 Lİ BAHİS,1,7/10/11/9/1,178650.5
23/12/2025,ANTALYA,SIRALI 5 Lİ BAHİS,1,10/14/5/9/7,388553.2
24/12/2025,SANLIURFA,SIRALI 5 Lİ BAHİS,1,11/10/4/9/1,298743.9
26/12/2025,ANTALYA,SIRALI 5 Lİ BAHİS,1,11/6/10/2/4,182358.4
27/12/2025,ADANA,SIRALI 5 Lİ BAHİS,1,5/9/3/12/15,148901.9
03/01/2026,ISTANBUL,SIRALI 5 Lİ BAHİS,1,12/17/4/15/7,461778.2
07/01/2026,ISTANBUL,SIRALI 5 Lİ BAHİS,1,1/3/6/5/11,273995.32
10/01/2026,ISTANBUL,SIRALI 5 Lİ BAHİS,1,4/17/9/1/11,201863.82
10/01/2026,ISTANBUL,SIRALI 5 Lİ BAHİS,1,13/12/4/2/1,918287.73
11/01/2026,IZMIR,SIRALI 5 Lİ BAHİS,1,7/6/11/14/3,196850.25
12/01/2026,SANLIURFA,SIRALI 5 Lİ BAHİS,1,10/16/2/14/12,99433.41
15/01/2026,ANTALYA,SIRALI 5 Lİ BAHİS,1,10/11/2/8/3,209347.88
16/01/2026,ANTALYA,SIRALI 5 Lİ BAHİS,1,2/12/3/8/9,247126.79
16/01/2026,ANTALYA,SIRALI 5 Lİ BAHİS,1,6/8/1/15/4,764116.89
24/01/2026,ISTANBUL,SIRALI 5 Lİ BAHİS,1,15/6/4/8/10,480996.57
28/01/2026,ISTANBUL,SIRALI 5 Lİ BAHİS,1,"11/2/7/3,9",189744.19
28/01/2026,SANLIURFA,SIRALI 5 Lİ BAHİS,1,4/7/8/15/5,121747.22
28/01/2026,SANLIURFA,SIRALI 5 Lİ BAHİS,1,2/9/14/7/11,303488.44
28/01/2026,SANLIURFA,SIRALI 5 Lİ BAHİS,1,2/5/10/8/3,505008.01
28/01/2026,SANLIURFA,SIRALI 5 Lİ BAHİS,1,9/6/12/17/8,844201.42
02/02/2026,BURSA,SIRALI 5 Lİ BAHİS,1,12/9/6/13/5,131171.91
02/02/2026,BURSA,7'Lİ GANYAN,1,"2/1,7/11/12/1,5/3/1,5,10",936555.2
02/02/2026,SANLIURFA,7'Lİ GANYAN,1,"7/1/3/1/4/10/5,7",691034.4
06/02/2026,IZMIR,SIRALI 5 Lİ BAHİS,1,15/3/16/6/13,496665.0
07/02/2026,ADANA,SIRALI 5 Lİ BAHİS,1,4/12/1/9/8,188805.1
09/02/2026,SANLIURFA,7'Lİ GANYAN,1,"1/5/8/6/3,11/10/10",416487.5
10/02/2026,ADANA,7'Lİ GANYAN,1,6/1/11/1/5/6/4,787488.9
11/02/2026,ISTANBUL,SIRALI 5 Lİ BAHİS,1,1/6/8/14/11,470599.88
11/02/2026,SANLIURFA,SIRALI 5 Lİ BAHİS,1,1/4/14/10/5,187404.47
11/02/2026,SANLIURFA,7'Lİ GANYAN,1,"4/3/6,8/7/1/3/5",1056234.3
15/02/2026,IZMIR,7'Lİ GANYAN,1,"10/5,8/4/3/5/5/1",1018360.2
16/02/2026,SANLIURFA,7'Lİ GANYAN,1,3/5/11/8/3/1/8,2274932.0
20/02/2026,BURSA,SIRALI 5 Lİ BAHİS,1,10/5/11/9/8,237351.94
20/02/2026,BURSA,7'Lİ PLASE,1,"3,8/3,9/12,14/5,10/1,6/1,4/5,9",972252.6
20/02/2026,BURSA,SIRALI 5 Lİ BAHİS,1,9/5/13/3/4,359613.0
20/02/2026,BURSA,7'Lİ GANYAN,1,3/9/14/10/1/4/9,739284.7
23/02/2026,BURSA,SIRALI 5 Lİ BAHİS,1,4/2/13/5/13,364850.16
23/02/2026,SANLIURFA,SIRALI 5 Lİ BAHİS,1,16/8/3/7/14,126486.57
23/02/2026,SANLIURFA,7'Lİ GANYAN,1,7/2/4/6/16/9/16,477242.7
24/02/2026,ANTALYA,7'Lİ GANYAN,1,2/7/1/6/5/5/3,870966.8
25/02/2026,ISTANBUL,SIRALI 5 Lİ BAHİS,1,2/11/15/13/6,131991.19
25/02/2026,SANLIURFA,SIRALI 5 Lİ BAHİS,1,6/11/8/15/13,134482.79
02/03/2026,SANLIURFA,SIRALI 5 Lİ BAHİS,1,4/6/8/2/10,260275.79
02/03/2026,SANLIURFA,7'Lİ GANYAN,1,"7/8/4/8/4/1/4,11",508874.3
04/03/2026,SANLIURFA,7'Lİ GANYAN,1,1/1/5/9/11/6/2,892829.3
05/03/2026,ANTALYA,SIRALI 5 Lİ BAHİS,1,8/12/11/9/1,512818.6
06/03/2026,BURSA,7'Lİ GANYAN,1,1/1/2/6/1/2/8,1007862.9
07/03/2026,ADANA,SIRALI 5 Lİ BAHİS,1,2/4/7/3/10,144128.54
07/03/2026,ADANA,7'Lİ GANYAN,1,1/6/2/1/1/5/6,599989.5
07/03/2026,ISTANBUL,SIRALI 5 Lİ BAHİS,1,8/10/3/11/7,144477.0
07/03/2026,ISTANBUL,SIRALI 5 Lİ BAHİS,1,5/7/10/6/13,463227.19
07/03/2026,ISTANBUL,7'Lİ GANYAN,1,1/8/8/6/5/7/11,949969.9
08/03/2026,ADANA,7'Lİ GANYAN,1,7/2/7/5/9/3/4,1284247.8
09/03/2026,BURSA,7'Lİ GANYAN,1,"5/8/3,12/1/5/3/1",1905130.7
09/03/2026,SANLIURFA,SIRALI 5 Lİ BAHİS,1,9/4/1/12/6,110168.44
09/03/2026,SANLIURFA,SIRALI 5 Lİ BAHİS,1,14/5/11/10/2,241051.79
09/03/2026,SANLIURFA,7'Lİ GANYAN,1,"4/1,10/9/14/3/1/4,12,16",1279446.3
16/03/2026,SANLIURFA,SIRALI 5 Lİ BAHİS,1,5/13/11/14/6,170969.07
16/03/2026,SANLIURFA,7'Lİ GANYAN,1,"5/5/13/1,4,12/5/7/6,7,11,17",406995.6
18/03/2026,SANLIURFA,7'Lİ GANYAN,1,2/7/3/3/4/7/10,1082877.4
20/03/2026,IZMIR,7'Lİ GANYAN,1,1/2/8/3/5/4/1,1621094.2
23/03/2026,SANLIURFA,7'Lİ GANYAN,1,6/1/2/8/9/1/3,1500792.7
25/03/2026,ISTANBUL,SIRALI 5 Lİ BAHİS,1,6/14/10/13/15,191035.97
25/03/2026,ISTANBUL,SIRALI 5 Lİ BAHİS,1,6/9/10/5/3,698983.6
27/03/2026,ANTALYA,7'Lİ GANYAN,1,1/4/3/1/7/1/2,1403914.6
28/03/2026,ISTANBUL,SIRALI 5 Lİ BAHİS,1,10/15/7/5/14,572916.38
30/03/2026,BURSA,SIRALI 5 Lİ BAHİS,1,8/16/10/15/9,395959.22
30/03/2026,SANLIURFA,SIRALI 5 Lİ BAHİS,1,1/9/3/11/13,149409.57
01/04/2026,ISTANBUL,SIRALI 5 Lİ BAHİS,1,1/4/10/2/5,323094.66
04/04/2026,ADANA,7'Lİ GANYAN,1,8/6/6/3/8/6/10,643896.0
06/04/2026,BURSA,7'Lİ GANYAN,1,"3/7/6/3/2,4/5/2",524406.3
06/04/2026,IZMIR,7'Lİ GANYAN,1,"1/10/2/6/5/2,3,5/4",461453.3
06/04/2026,SANLIURFA,6'LI GANYAN,1,6/7/1/9/2/14,7624497.65
06/04/2026,SANLIURFA,7'Lİ GANYAN,1,"7/1/9/2/14/9/1,2,13",304364.5
13/04/2026,BURSA,7'Lİ GANYAN,1,1/7/3/7/6/11/7,992664.2
13/04/2026,SANLIURFA,SIRALI 5 Lİ BAHİS,1,13/5/12/14/4,99651.1
13/04/2026,SANLIURFA,7'Lİ GANYAN,1,"4/3/4,6/12/13/1/12",547852.8
14/04/2026,KOCAELI,7'Lİ PLASE,1,"2,3,5,7,8,9,11/1,6/4,12/3,8/2,12/2,10,11/2,15",770029.7
14/04/2026,KOCAELI,SIRALI 5 Lİ BAHİS,1,2/15/7/1/10,349849.13
14/04/2026,KOCAELI,7'Lİ GANYAN,1,"2,3,5,8,9,11/6/12/8/12/2,11/2",481620.7
15/04/2026,ELAZIG,SIRALI 5 Lİ BAHİS,1,7/13/4/11/2,219850.88
15/04/2026,ELAZIG,7'Lİ GANYAN,1,"2,3/9/3/7/6/3/5",448244.5
16/04/2026,IZMIR,SIRALI 5 Lİ BAHİS,1,12/13/15/1/10,485639.72
17/04/2026,BURSA,SIRALI 5 Lİ BAHİS,1,4/9/12/1/16,104830.04
17/04/2026,BURSA,7'Lİ GANYAN,1,"1/7/2/2/5,8/6/5",1446474.7
19/04/2026,ADANA,SIRALI 5 Lİ BAHİS,1,4/14/6/13/2,142162.6
19/04/2026,ISTANBUL,SIRALI 5 Lİ BAHİS,1,2/8/12/4/13,605231.16
22/04/2026,ELAZIG,7'Lİ GANYAN,1,4/2/7/7/9/2/7,830111.7
22/04/2026,ISTANBUL,7'Lİ GANYAN,1,"5/6/8/2,9,12/7/7/3",878161.9
23/04/2026,IZMIR,7'Lİ GANYAN,1,"2/8/2/6/1,2/6/9",693262.9
24/04/2026,BURSA,SIRALI 5 Lİ BAHİS,1,3/11/12/7/14,178869.1
24/04/2026,ISTANBUL,SIRALI 5 Lİ BAHİS,1,4/3/5/1/12,225228.94
26/04/2026,ADANA,7'Lİ GANYAN,1,8/10/1/1/5/6/1,437968.3
26/04/2026,ISTANBUL,7'Lİ GANYAN,1,"7/2,3,5/2/6/4/9/5",1132651.3
27/04/2026,SANLIURFA,SIRALI 5 Lİ BAHİS,1,9/12/1/3/13,114218.44
27/04/2026,SANLIURFA,SIRALI 5 Lİ BAHİS,1,3/15/2/14/16,168844.5
27/04/2026,SANLIURFA,SIRALI 5 Lİ BAHİS,1,16/6/4/3/10,466013.25
27/04/2026,SANLIURFA,7'Lİ GANYAN,1,"2/15/12/8,9/3/3/5,12,16",159892.7
28/04/2026,KOCAELI,7'Lİ PLASE,1,"6,8/4,13/6,8/1,8/2,5/3,5/4,6",822992.5
28/04/2026,KOCAELI,SIRALI 5 Lİ BAHİS,1,6/4/12/1/11,505110.94
28/04/2026,KOCAELI,7'Lİ GANYAN,1,6/4/8/1/5/5/6,319382.8
30/04/2026,ANKARA,SIRALI 5 Lİ BAHİS,1,15/4/12/10/2,120630.1
01/05/2026,BURSA,SIRALI 5 Lİ BAHİS,1,15/14/2/5/3,211124.82
01/05/2026,BURSA,7'Lİ GANYAN,1,"7/4,9,10,12,13/15/5,8,14/1/16/15",444959.9
02/05/2026,IZMIR,7'Lİ GANYAN,1,"11/1/4/2/1/3,6,7,10/4,11",301745.4
05/05/2026,ANKARA,SIRALI 5 Lİ BAHİS,1,9/2/16/7/14,299762.44
05/05/2026,ANKARA,7'Lİ GANYAN,1,5/14/15/6/3/7/9,413821.1
06/05/2026,ELAZIG,7'Lİ GANYAN,1,"6/3,4/9/3/1/3/5",415246.7
06/05/2026,ISTANBUL,7'Lİ GANYAN,1,3/8/15/5/1/2/6,574535.5
08/05/2026,BURSA,SIRALI 5 Lİ BAHİS,1,9/10/12/5/16,144921.66
08/05/2026,BURSA,7'Lİ GANYAN,1,3/5/9/3/1/14/6,319484.0
09/05/2026,IZMIR,SIRALI 5 Lİ BAHİS,1,6/13/2/3/1,370101.66
09/05/2026,IZMIR,7'Lİ GANYAN,1,"6/9/9/3/9/2,4/6",271081.8
10/05/2026,ADANA,7'Lİ GANYAN,1,6/13/6/1/7/3/6,1540249.7
10/05/2026,ISTANBUL,7'Lİ GANYAN,1,1/8/1/10/3/1/1,737001.1
11/05/2026,SANLIURFA,SIRALI 5 Lİ BAHİS,1,1/8/12/10/11,132027.47
11/05/2026,SANLIURFA,SIRALI 5 Lİ BAHİS,1,6/2/3/9/10,392593.51
11/05/2026,SANLIURFA,7'Lİ GANYAN,1,3/9/1/6/1/10/4,194463.5
12/05/2026,ANKARA,SIRALI 5 Lİ BAHİS,1,12/5/4/9/10,167902.04
12/05/2026,ANKARA,7'Lİ GANYAN,1,2/2/12/2/5/6/16,371764.8
12/05/2026,KOCAELI,SIRALI 5 Lİ BAHİS,1,7/10/5/6/9,205327.41
12/05/2026,KOCAELI,7'Lİ GANYAN,1,1/3/7/1/1/5/2,389275.7
13/05/2026,ISTANBUL,SIRALI 5 Lİ BAHİS,1,"3/13/14/1,10",328929.19
15/05/2026,BURSA,SIRALI 5 Lİ BAHİS,1,8/5/9/18/6,126439.32
15/05/2026,BURSA,SIRALI 5 Lİ BAHİS,1,8/3/20/17/9,185961.66
16/05/2026,ANKARA,SIRALI 5 Lİ BAHİS,1,9/3/1/13/6,325556.72
16/05/2026,ANKARA,7'Lİ GANYAN,1,5/7/9/9/9/3/4,331953.6
16/05/2026,DBAKIR,SIRALI 5 Lİ BAHİS,1,13/11/6/15/7,279650.82
18/05/2026,BURSA,7'Lİ GANYAN,1,1/13/6/2/3/1/19,324638.6
18/05/2026,SANLIURFA,6'LI GANYAN,2,12/12/14/6/6/11,14921281.1
18/05/2026,SANLIURFA,5'Lİ GANYAN,1,12/14/6/6/11,6086043.98
18/05/2026,SANLIURFA,7'Lİ GANYAN,1,1/12/12/14/6/6/11,483744.8
21/05/2026,ANKARA,7'Lİ GANYAN,1,1/8/1/1/4/12/2,460238.9
22/05/2026,BURSA,SIRALI 5 Lİ BAHİS,1,17/4/15/10/18,244776.94
22/05/2026,BURSA,7'Lİ GANYAN,1,"3/10/10/7/4/5,6/17",985744.1
22/05/2026,ISTANBUL,7'Lİ GANYAN,1,2/6/1/10/1/15/5,644494.4
24/05/2026,ISTANBUL,SIRALI 5 Lİ BAHİS,1,13/10/21/15/5,605220.19
24/05/2026,ISTANBUL,7'Lİ GANYAN,1,3/6/3/3/4/1/13,1454589.4
25/05/2026,BURSA,SIRALI 5 Lİ BAHİS,1,3/13/12/4/8,521660.26
26/05/2026,KOCAELI,SIRALI 5 Lİ BAHİS,1,6/1/12/14/7,490256.72
26/05/2026,KOCAELI,7'Lİ GANYAN,1,"4/3,10/7,14/6/3/7/6",298255.1
27/05/2026,ISTANBUL,7'Lİ GANYAN,1,2/12/8/3/5/9/15,2667338.3
28/05/2026,ANKARA,7'Lİ GANYAN,1,"4/1/2,10/1/4/4/8",866437.0
28/05/2026,IZMIR,SIRALI 5 Lİ BAHİS,1,12/15/9/5/6,194367.1
29/05/2026,ISTANBUL,SIRALI 5 Lİ BAHİS,1,10/2/5/8/1,202444.32
30/05/2026,DBAKIR,SIRALI 5 Lİ BAHİS,1,15/12/6/8/3,97256.54
30/05/2026,DBAKIR,6'LI GANYAN,1,4/15/6/1/6/4,14889986.65
31/05/2026,ISTANBUL,7'Lİ GANYAN,1,"3/12/2,15/6/10/7/8",559546.9
01/06/2026,BURSA,SIRALI 5 Lİ BAHİS,1,18/7/10/2/17,198788.35
01/06/2026,SANLIURFA,7'Lİ GANYAN,1,4/10/4/1/8/6/2,209871.2
04/06/2026,KOCAELI,7'Lİ GANYAN,1,"6/6/4,11/8/1/7/2",254503.7
05/06/2026,BURSA,SIRALI 5 Lİ BAHİS,1,1/9/15/10/5,110181.1
05/06/2026,BURSA,SIRALI 5 Lİ BAHİS,1,6/1/13/15/11,182026.41
06/06/2026,ANKARA,7'Lİ GANYAN,1,"7/2/7/1/1/1,4/2,3,6,8",479018.1
07/06/2026,IZMIR,SIRALI 5 Lİ BAHİS,1,6/5/3/11/8,175638.38
07/06/2026,IZMIR,SIRALI 5 Lİ BAHİS,1,10/6/14/7/16,697388.07
07/06/2026,IZMIR,7'Lİ GANYAN,1,"6/1/6/7/1/2,5,9/10",401953.2
08/06/2026,SANLIURFA,SIRALI 5 Lİ BAHİS,1,3/16/6/12/2,118467.57
08/06/2026,SANLIURFA,7'Lİ GANYAN,1,"7/7/4/3/3,14/3/8",398668.6
09/06/2026,KOCAELI,SIRALI 5 Lİ BAHİS,1,12/7/15/10/2,505651.79
10/06/2026,ELAZIG,SIRALI 5 Lİ BAHİS,1,11/7/3/9/13,176350.5
10/06/2026,ELAZIG,7'Lİ GANYAN,1,4/9/11/7/5/6/7,184748.3
11/06/2026,KOCAELI,7'Lİ GANYAN,1,6/6/13/4/1/3/5,323627.7
13/06/2026,IZMIR,7'Lİ GANYAN,1,"4,5/2/7/12/3/3/6",1064343.5
14/06/2026,IZMIR,SIRALI 5 Lİ BAHİS,1,12/11/7/9/4,372937.5
15/06/2026,BURSA,7'Lİ GANYAN,1,3/11/4/5/3/9/4,230732.7
17/06/2026,ELAZIG,7'Lİ GANYAN,1,"5/6/3/1/1/12,13/7",344514.5
18/06/2026,ANKARA,7'Lİ GANYAN,1,"3/4/4/8/5/8/1,4",495811.8
18/06/2026,KOCAELI,SIRALI 5 Lİ BAHİS,1,1/8/5/3/2,216110.54
18/06/2026,KOCAELI,7'Lİ GANYAN,1,2/9/1/7/4/1/5,391705.6
19/06/2026,BURSA,7'Lİ GANYAN,1,7/3/11/8/6/2/7,495191.4
19/06/2026,ISTANBUL,7'Lİ GANYAN,1,12/6/5/5/8/5/7,323276.8
20/06/2026,ANKARA,7'Lİ GANYAN,1,"2/6/7/7/3/1,5/3,5",871129.6
20/06/2026,DBAKIR,SIRALI 5 Lİ BAHİS,1,8/5/7/4/6,57188.54
20/06/2026,DBAKIR,SIRALI 5 Lİ BAHİS,1,12/11/14/8/6,258257.54
20/06/2026,IZMIR,SIRALI 5 Lİ BAHİS,1,6/10/19/2/16,865023.47
21/06/2026,ISTANBUL,7'Lİ GANYAN,1,"11/8/9/7/1/4/2,3",868524.8
22/06/2026,BURSA,SIRALI 5 Lİ BAHİS,1,4/1/13/17/3,102585.66
22/06/2026,BURSA,SIRALI 5 Lİ BAHİS,1,16/4/5/6/2,81052.32
22/06/2026,BURSA,SIRALI 5 Lİ BAHİS,1,10/12/1/11/14,243777.1
22/06/2026,ELAZIG,SIRALI 5 Lİ BAHİS,1,4/6/16/12,320187.94
22/06/2026,ELAZIG,7'Lİ GANYAN,1,"3/1,10/10/2/2,5/10/4",565616.7
24/06/2026,ELAZIG,SIRALI 5 Lİ BAHİS,1,10/8/7/1/6,499177.69
24/06/2026,ELAZIG,7'Lİ GANYAN,1,"1/11/10/6,7,10,11/1/7/7,8",786401.0
26/06/2026,ANKARA,7'Lİ GANYAN,1,3/6/10/4/3/5/9,430697.3
29/06/2026,BURSA,SIRALI 5 Lİ BAHİS,1,9/4/8/20/3,270489.38
29/06/2026,ELAZIG,7'Lİ GANYAN,1,4/1/8/2/6/5/12,1012401.5
01/07/2026,ELAZIG,SIRALI 5 Lİ BAHİS,1,12/11/14/7/1,112970.63
01/07/2026,ELAZIG,SIRALI 5 Lİ BAHİS,1,6/9/2/8/3,258906.57
01/07/2026,ELAZIG,7'Lİ PLASE,1,"1,7/6,9/11,12/8,11/2,4/6,9/7,12",883679.76
01/07/2026,ELAZIG,SIRALI 5 Lİ BAHİS,1,7/12/14/4/6,646050.01
01/07/2026,ELAZIG,7'Lİ GANYAN,1,1/9/12/8/2/6/7,1432695.38
01/07/2026,ISTANBUL,7'Lİ GANYAN,1,2/11/6/4/3/9/4,238124.88
04/07/2026,DBAKIR,SIRALI 5 Lİ BAHİS,1,8/6/2/1/14,134260.32
04/07/2026,DBAKIR,SIRALI 5 Lİ BAHİS,1,6/1/15/5/13,300590.63
07/07/2026,ANKARA,7'Lİ GANYAN,1,"4/5/6/6/11/5/2,6,8,9",436783.32
07/07/2026,KOCAELI,7'Lİ GANYAN,1,"2/11/9/4/2,5/7/2",374349.6
10/07/2026,BURSA,7'Lİ GANYAN,1,3/1/1/1/6/3/6,242701.92
11/07/2026,DBAKIR,SIRALI 5 Lİ BAHİS,1,4/6/13/11/3,453810.01
12/07/2026,ISTANBUL,SIRALI 5 Lİ BAHİS,1,8/12/10/1/6,454238.44
13/07/2026,BURSA,SIRALI 5 Lİ BAHİS,1,11/5/20/7/9,452191.88
13/07/2026,ELAZIG,SIRALI 5 Lİ BAHİS,1,14/9/8/2/12,130106.25
13/07/2026,ELAZIG,SIRALI 5 Lİ BAHİS,1,12/1/16/5/11,603703.13
13/07/2026,ELAZIG,7'Lİ GANYAN,1,"2/1,4/14/6/9/10/12",96531.48
14/07/2026,KOCAELI,7'Lİ GANYAN,1,"6/5,6,7,8/4/4/10/6/11",313107.12
15/07/2026,ELAZIG,SIRALI 5 Lİ BAHİS,1,8/12/9/18/13,947910.01
15/07/2026,ELAZIG,6'LI GANYAN,2,"12/8,10/8/6/4/12",16781739.3
15/07/2026,ELAZIG,7'Lİ GANYAN,1,"2/12/8,10/8/6/4/12",273083.4
16/07/2026,KOCAELI,SIRALI 5 Lİ BAHİS,1,8/9/13/5/10,567612.19
16/07/2026,KOCAELI,7'Lİ GANYAN,1,1/11/7/8/2/2/8,615010.32
18/07/2026,DBAKIR,SIRALI 5 Lİ BAHİS,1,4/10/14/13/5,103865.63
