tarih,sehir,leg1,leg2,leg3,leg4,leg5,leg6,leg7,t7_div,t7_devir,kombo,bas_kosu
30/01/2026,ANTALYA,222834,222843,222833,222842,222840,222839,222844,57799.1,,"8/8/6/6/3,5,6/8/13,18",1
30/01/2026,IZMIR,222838,222846,222845,222835,222837,222841,222847,1275123.3,,6/6/3/1/3/3/12,2
31/01/2026,ADANA,222854,222858,222856,222853,222852,222857,222850,7365.1,,"5/3,4/5,6,7/4/10/3/5,6",3
31/01/2026,ISTANBUL,222864,222865,222866,222863,222860,222849,222862,1299699.5,,4/7/11/3/4/8/2,3
01/02/2026,ADANA,222867,222878,222877,222868,222875,222879,222881,18040.3,,"7/5/3/1,6/6/3/2",2
01/02/2026,IZMIR,222872,222883,222870,222882,222873,222871,222880,78295.1,,"2/1/1/6/1,4/4/9",2
02/02/2026,BURSA,222894,222884,222899,222897,222898,222885,222896,,936555.2,"2/1,7/11/12/1,5/3/1,5,10",2
02/02/2026,SANLIURFA,222889,222891,222886,222892,222893,222888,222890,,691034.4,"7/1/3/1/4/10/5,7",2
03/02/2026,ADANA,222912,222910,222900,222914,222909,222911,222913,636282.9,,2/3/3/5/5/2/7,2
03/02/2026,ANTALYA,222904,222908,222906,222902,222907,222905,222916,433287.0,,1/7/1/1/8/3/3,2
04/02/2026,ISTANBUL,222917,222929,222918,222923,222921,222922,222925,134021.2,,"3,4/2/2/8/3/3/7",2
04/02/2026,SANLIURFA,222920,222930,222931,222924,222926,222919,222928,1987224.9,,"5/5,9/14/1/12/1/2",1
05/02/2026,ANTALYA,222945,222937,222932,222938,222941,222933,222942,45552.3,,"3/3/3,7/1,2,3/7/6/5,7",2
07/02/2026,ADANA,223001,223002,222991,222999,223000,222990,223003,11583.0,,"1,4/5/4/1/5/1/8",2
07/02/2026,ISTANBUL,222995,222997,222988,222996,222993,222989,222992,1304820.0,,2/10/5/4/9/11/3,2
08/02/2026,ADANA,223011,223014,223013,223016,223015,223004,223018,1331.8,,4/1/2/1/1/9/7,2
08/02/2026,IZMIR,223008,223019,223007,223009,223017,223012,223006,1828.4,,3/8/8/5/2/1/9,2
09/02/2026,BURSA,223026,223028,223022,223030,223025,223024,223031,151086.2,,7/7/2/9/6/8/13,3
09/02/2026,SANLIURFA,223021,223027,223033,223034,223035,223020,223036,,416487.5,"1/5/8/6/3,11/10/10",2
10/02/2026,ADANA,223048,223037,223047,223046,223050,223049,223045,,787488.9,6/1/11/1/5/6/4,2
11/02/2026,ISTANBUL,223059,223062,223064,223060,223063,223058,223061,5550.6,,3/4/9/1/1/2/1,1
11/02/2026,SANLIURFA,223053,223051,223057,223056,223054,223052,223055,,1056234.3,"4/3/6,8/7/1/3/5",1
12/02/2026,ANTALYA,223088,223070,223096,223086,223089,223068,223093,310068.3,,"3/1,8/2/1/2/2/7",3
13/02/2026,ANTALYA,223123,223135,223125,223133,223138,223124,223131,773084.4,,"10/7/6/3/2,11/11/8",2
14/02/2026,ADANA,223151,223164,223161,223163,223162,223154,223149,302816.9,,"3/6/4/3/6/5/3,7,9,10,11",3
14/02/2026,ISTANBUL,223153,223147,223152,223160,223155,223148,223158,7928.8,,3/5/9/1/3/7/10,2
15/02/2026,ADANA,223166,223178,223165,223179,223174,223180,223176,123823.5,,6/6/5/1/4/1/6,2
15/02/2026,IZMIR,223168,223173,223167,223169,223181,223175,223172,,1018360.2,"10/5,8/4/3/5/5/1",2
16/02/2026,BURSA,223191,223193,223183,223194,223189,223182,223195,555822.8,,"2/1/4/1,6/2/3,4/12",1
16/02/2026,SANLIURFA,223188,223185,223192,223190,223186,223187,223184,,2274932.0,3/5/11/8/3/1/8,1
17/02/2026,ADANA,223208,223203,223209,223204,223206,223207,223210,3569.1,,"4/3/5/3/1,4/1/3",2
17/02/2026,ANTALYA,223197,223200,223201,223202,223198,223196,223199,54484.0,,"5/4/3/1,6/4/5/1",1
18/02/2026,ISTANBUL,223221,223226,223223,223225,223219,223213,223227,7628.8,,4/6/5/2/2/2/2,2
18/02/2026,SANLIURFA,223224,223220,223222,223218,223216,223214,223217,815274.0,,8/6/3/9/3/1/3,2
19/02/2026,IZMIR,223237,223228,223242,223231,223240,223230,223235,80358.6,,2/3/8/1/1/5/13,3
20/02/2026,BURSA,223266,223268,223271,223260,223267,223259,223269,,739284.7,3/9/14/10/1/4/9,1
20/02/2026,IZMIR,223272,223270,223263,223274,223265,223264,223273,108930.9,,1/11/9/6/6/2/4,2
21/02/2026,ADANA,223278,223284,223279,223283,223280,223281,223282,54351.1,,7/1/3/7/6/3/7,1
21/02/2026,ISTANBUL,223285,223289,223277,223290,223286,223287,223276,315585.6,,1/9/3/3/2/7/13,3
22/02/2026,ADANA,223310,223309,223313,223312,223311,223301,223314,119820.4,,"5/2/6/8/1/1,2,7/8,16",2
22/02/2026,IZMIR,223302,223303,223306,223304,223307,223299,223308,17753.2,,1/2/1/2/5/3/11,2
23/02/2026,BURSA,223325,223324,223316,223321,223323,223315,223322,65129.9,,"1/6/2,3/5/7/1/4",2
23/02/2026,SANLIURFA,223326,223317,223327,223329,223330,223319,223328,,477242.7,7/2/4/6/16/9/16,2
24/02/2026,ADANA,223343,223347,223332,223344,223345,223346,223331,381251.2,,2/2/12/1/7/3/5,2
24/02/2026,ANTALYA,223338,223339,223335,223340,223336,223341,223333,,870966.8,2/7/1/6/5/5/3,3
25/02/2026,ISTANBUL,223353,223355,223357,223352,223356,223354,223359,20547.6,,1/6/2/3/4/3/5,2
25/02/2026,SANLIURFA,223349,223360,223361,223363,223364,223350,223358,315603.5,,"6/6/6,11/7,11/1/1/1",2
26/02/2026,ANTALYA,223365,223371,223377,223370,223369,223366,223373,331566.0,,7/7/6/3/3/1/2,2
26/02/2026,IZMIR,223378,223376,223372,223380,223374,223367,223379,806.2,,"3/7/4,7/1/3/4,5/2,5",2
27/02/2026,ANTALYA,223390,223396,223398,223401,223400,223389,223402,14300.0,,1/4/2/5/7/1/3,2
28/02/2026,ADANA,223403,223414,223417,223415,223416,223419,223404,101099.2,,4/6/8/2/6/7/1,2
28/02/2026,ISTANBUL,223412,223411,223406,223408,223410,223413,223405,56044.9,,"1/6/3,5/1/2/4/7",3
01/03/2026,ADANA,223422,223424,223423,223427,223425,223426,223428,59265.4,,"3/1,3/11/6/7/5/6",2
01/03/2026,IZMIR,223429,223421,223433,223432,223434,223420,223435,57330.5,,"1/12/4/4/3/9/5,6,12",2
02/03/2026,BURSA,223436,223441,223444,223440,223442,223437,223443,29653.8,,5/12/10/2/5/8/9,1
02/03/2026,SANLIURFA,223450,223445,223438,223449,223446,223448,223447,,508874.3,"7/8/4/8/4/1/4,11",2
03/03/2026,ADANA,223464,223462,223460,223463,223465,223453,223461,17605.1,,"1,4/8/4/2/5/1/4",2
03/03/2026,ANTALYA,223455,223451,223459,223458,223457,223452,223456,1292187.6,,4/6/10/5/4/2/11,1
04/03/2026,ISTANBUL,223470,223467,223475,223472,223474,223471,223473,825887.7,,3/1/6/6/1/4/4,2
04/03/2026,SANLIURFA,223468,223481,223480,223469,223479,223477,223478,,892829.3,1/1/5/9/11/6/2,2
05/03/2026,ANTALYA,223484,223502,223485,223503,223500,223497,223507,130904.1,,"10/3/1,6/4/5/1/8",2
05/03/2026,IZMIR,223501,223506,223508,223494,223495,223483,223496,6489.2,,1/1/1/1/2/5/6,3
06/03/2026,BURSA,223523,223527,223528,223524,223522,223525,223529,,1007862.9,1/1/2/6/1/2/8,1
06/03/2026,IZMIR,223516,223526,223520,223517,223521,223518,223519,158867.3,,"5/6/1,4/6/4/7/4",1
07/03/2026,ADANA,223533,223541,223543,223542,223540,223532,223544,,599989.5,1/6/2/1/1/5/6,2
07/03/2026,ISTANBUL,223537,223530,223538,223534,223536,223531,223535,,949969.9,1/8/8/6/5/7/11,2
08/03/2026,ADANA,223562,223548,223560,223559,223556,223555,223547,,1284247.8,7/2/7/5/9/3/4,3
08/03/2026,IZMIR,223549,223551,223552,223557,223553,223561,223554,106772.0,,"2/9/5/8/5/3/2,4",2
09/03/2026,BURSA,223568,223565,223570,223578,223569,223567,223571,,1905130.7,"5/8/3,12/1/5/3/1",2
09/03/2026,SANLIURFA,223573,223575,223572,223576,223577,223563,223574,,1279446.3,"4/1,10/9/14/3/1/4,12,16",2
10/03/2026,ADANA,223591,223593,223582,223590,223592,223588,223581,618435.1,,1/2/6/7/1/1/6,2
10/03/2026,ANTALYA,223580,223587,223583,223585,223584,223579,223586,40031.2,,3/3/3/5/2/5/1,1
11/03/2026,ISTANBUL,223612,223594,223613,223610,223608,223596,223614,939144.2,,2/1/2/2/3/10/6,4
11/03/2026,SANLIURFA,223603,223601,223607,223605,223604,223600,223606,134439.8,,"3/8/2/1/12/1,8/7",2
12/03/2026,ANTALYA,223630,223636,223615,223625,223627,223628,223616,19552.3,,6/1/3/1/4/5/6,1
12/03/2026,IZMIR,223626,223633,223629,223634,223635,223631,223632,52715.1,,2/7/4/2/2/3/5,1
13/03/2026,ANTALYA,223643,223644,223654,223647,223653,223637,223652,401742.0,,5/3/10/3/4/2/7,2
14/03/2026,ADANA,223677,223667,223678,223676,223675,223668,223680,43668.9,,"6/1/6/2/6,7/6/10",3
14/03/2026,ISTANBUL,223665,223674,223670,223671,223673,223666,223672,98401.7,,"5/1/5/7,8/3/6/1",1
15/03/2026,IZMIR,223685,223688,223682,223684,223687,223683,223689,22162.8,,"3/4/3,4/11/3/1/1",3
16/03/2026,BURSA,223705,223707,223701,223704,223703,223700,223706,24029.0,,5/4/2/1/4/3/2,2
16/03/2026,SANLIURFA,223710,223708,223712,223711,223713,223698,223709,,406995.6,"5/5/13/1,4,12/5/7/6,7,11,17",2
17/03/2026,ADANA,223723,223727,223726,223714,223725,223715,223728,15375.8,,"1,2,5/4/8/3/7/1/5",2
17/03/2026,ANTALYA,223720,223716,223722,223719,223718,223721,223717,57499.9,,"1/1/6/4/3/2/1,9",1
18/03/2026,ISTANBUL,223747,223746,223743,223744,223745,223750,223752,161144.9,,1/6/4/1/1/6/1,1
18/03/2026,SANLIURFA,223753,223748,223756,223749,223751,223754,223755,,1082877.4,2/7/3/3/4/7/10,1
19/03/2026,ANTALYA,223765,223759,223768,223764,223769,223771,223767,302461.5,,"5/4/3,5,10/4/3/2/10",2
19/03/2026,IZMIR,223757,223766,223763,223762,223761,223758,223770,5645.6,,"8/1,10/2/3,5/2/4/6",1
20/03/2026,IZMIR,223777,223778,223772,223779,223780,223773,223781,,1621094.2,1/2/8/3/5/4/1,4
21/03/2026,ISTANBUL,223807,223809,223805,223799,223808,223802,223803,1063593.3,,7/1/2/5/11/1/12,2
22/03/2026,ADANA,223820,223795,223819,223821,223817,223818,223816,483974.7,,"1/6/9/6/4/1,7/8",2
22/03/2026,IZMIR,223800,223789,223798,223804,223801,223797,223790,70858.6,,2/4/3/3/1/1/8,2
23/03/2026,ADANA,223841,223842,223843,223844,223845,223846,223847,191567.7,,"2/5/8/6/1/3,7/1",3
23/03/2026,BURSA,223828,223824,223830,223829,223832,223823,223831,50690.0,,"2/2,4/9/5/5/7/7",1
23/03/2026,SANLIURFA,223825,223833,223838,223835,223834,223826,223837,,1500792.7,6/1/2/8/9/1/3,3
24/03/2026,ADANA,223857,223860,223861,223856,223862,223858,223863,2141.6,,"1/8,10/1,3,4,8/3,5/6/3/8,12",2
24/03/2026,ANTALYA,223852,223848,223850,223854,223853,223851,223855,292224.9,,"2/4/2/2/6/2,3/2,6",2
25/03/2026,ISTANBUL,223874,223876,223879,223871,223875,223873,223878,253451.5,,"8,11/9/6/4/3/2/6",2
25/03/2026,SANLIURFA,223864,223868,223870,223869,223867,223865,223877,423464.4,,"2/1,6/3/7/1,2/3/6",2
26/03/2026,ANTALYA,223886,223880,223890,223888,223889,223885,223892,59232.1,,3/6/1/8/5/8/9,2
26/03/2026,IZMIR,223882,223887,223894,223884,223891,223883,223893,8047.6,,"1/5/3/2,6/2/2/5",1
27/03/2026,ANTALYA,223911,223915,223912,223914,223916,223913,223917,,1403914.6,1/4/3/1/7/1/2,1
27/03/2026,IZMIR,223920,223925,223924,223921,223919,223918,223923,43555.6,,"5/7/1,6/8/6/5/1",2
28/03/2026,ADANA,223954,223958,223946,223956,223957,223951,223945,73336.5,,"1,3/6/2,4/4/1,4/6/1",3
28/03/2026,ISTANBUL,223944,223942,223948,223953,223949,223943,223950,276159.1,,"1,10/13/6/3/5/1/10",2
29/03/2026,ADANA,223960,223968,223970,223971,223959,223969,223973,153613.4,,"6,7,8/3,8/7/2/9/5/5",2
29/03/2026,IZMIR,223965,223962,223963,223975,223964,223961,223967,15028.6,,2/3/4/3/5/5/4,2
30/03/2026,BURSA,223986,223988,223989,223987,223985,223977,223990,79208.9,,"2/2/8,9,10/2/1/4/8",2
30/03/2026,SANLIURFA,223980,223984,223982,223979,223983,223978,223991,47996.5,,1/1/1/8/2/10/14,2
31/03/2026,ADANA,223996,223998,224000,223997,223999,223995,223994,4838.0,,"1,2/1/3/6/1/2/1",1
31/03/2026,ANTALYA,224002,224003,224004,224005,224001,223993,224006,6201.6,,"2,3/7/8/1/1/8/5",2
01/04/2026,ELAZIG,224014,224012,224019,224017,224020,224013,224016,126144.7,,"2/1/1/8/7/11/4,6,15",2
01/04/2026,ISTANBUL,224009,224015,224007,224022,224010,224008,224021,88179.2,,2/7/9/4/2/1/4,2
02/04/2026,IZMIR,224035,224039,224041,224034,224037,224040,224036,90903.1,,"1/3,4/4/3/2/2/1",2
03/04/2026,BURSA,224056,224051,224059,224057,224058,224052,224060,4959.0,,4/2/2/1/2/7/2,1
04/04/2026,ADANA,224089,224078,224087,224085,224088,224077,224090,,643896.0,8/6/6/3/8/6/10,3
04/04/2026,ISTANBUL,224080,224079,224083,224084,224082,224074,224081,29275.7,,"2/2/1/3,13/1/3/11",2
05/04/2026,ADANA,224105,224104,224107,224106,224110,224091,224109,105153.1,,1/6/4/2/3/5/2,3
05/04/2026,IZMIR,224097,224100,224101,224098,224095,224093,224103,94377.7,,"3,4,5/7/5/5/1/6/5",2
06/04/2026,BURSA,224134,224126,224131,224136,224127,224128,224132,,524406.3,"3/7/6/3/2,4/5/2",2
06/04/2026,IZMIR,224119,224120,224121,224122,224123,224124,224125,,461453.3,"1/10/2/6/5/2,3,5/4",3
06/04/2026,SANLIURFA,224139,224135,224130,224140,224133,224138,224141,,304364.5,"7/1/9/2/14/9/1,2,13",2
07/04/2026,ADANA,224152,224157,224145,224158,224156,224147,224159,11341.4,,"1/4/10/1/2/8,9/5",3
07/04/2026,ANTALYA,224151,224153,224144,224148,224149,224154,224142,39236.3,,"2/8/4/6/5/2,6/1",3
08/04/2026,ELAZIG,224171,224174,224177,224176,224175,224172,224168,90827.0,,"4/3/4/2/7/8/11,12",2
08/04/2026,ISTANBUL,224167,224166,224161,224162,224165,224164,224169,43282.2,,"3/4/1,4/4/5/6/10",3
09/04/2026,ANTALYA,224197,224195,224202,224205,224203,224196,224207,26054.4,,"2/5/3/7/2,5/3/3,11",1
09/04/2026,IZMIR,224200,224208,224201,224198,224204,224199,224209,212701.5,,"7/7/9/1,3,4/3/4/1",1
10/04/2026,ANTALYA,224232,224229,224242,224234,224233,224243,224239,63306.2,,7/1/1/4/4/4/11,2
10/04/2026,IZMIR,224236,224231,224238,224241,224237,224240,224230,1598.5,,1/1/4/1/1/1/1,2
11/04/2026,ADANA,224256,224258,224257,224248,224255,224259,224247,63798.9,,"1/11/7/1,5/2/1/2",3
11/04/2026,ISTANBUL,224249,224254,224252,224250,224251,224245,224253,165558.3,,1/8/6/1/6/2/3,2
12/04/2026,ADANA,224262,224273,224274,224276,224275,224271,224272,18075.8,,"8/3/2/4/1/3/5,12",2
12/04/2026,IZMIR,224265,224266,224270,224263,224267,224268,224269,25597.5,,"1,3/1/3/1/5/4/1",2
13/04/2026,BURSA,224289,224277,224290,224292,224287,224291,224293,,992664.2,1/7/3/7/6/11/7,3
13/04/2026,SANLIURFA,224285,224279,224282,224283,224286,224281,224284,,547852.8,"4/3/4,6/12/13/1/12",2
14/04/2026,ELAZIG,224303,224302,224300,224299,224301,224294,224305,4756.9,,"3/2,5/6/4/1,6/5,6,7/1,11",2
14/04/2026,KOCAELI,224297,224311,224310,224306,224312,224298,224309,,481620.7,"2,3,5,8,9,11/6/12/8/12/2,11/2",4
15/04/2026,ELAZIG,224319,224318,224314,224320,224321,224323,224313,,448244.5,"2,3/9/3/7/6/3/5",2
15/04/2026,ISTANBUL,224326,224316,224327,224325,224324,224317,224329,114359.3,,"2/8/12/2/7/6,9,10/9",3
16/04/2026,ANKARA,224361,224357,224367,224366,224362,224369,224356,5948.3,,"4/10/7/8/6/5/2,3,7",2
16/04/2026,IZMIR,224358,224355,224363,224365,224360,224359,224368,363168.3,,2/4/2/2/7/5/12,2
17/04/2026,BURSA,224374,224381,224387,224383,224378,224372,224386,,1446474.7,"1/7/2/2/5,8/6/5",4
17/04/2026,ISTANBUL,224384,224370,224375,224380,224379,224371,224382,98353.0,,"7/5,6/12/3/6/6/6",2
18/04/2026,ANKARA,224406,224405,224424,224411,224413,224412,224419,293535.7,,"6/1/7/5/5,6/6/5",3
18/04/2026,IZMIR,224408,224420,224432,224409,224429,224425,224415,175136.5,,"4/7/2/5/5,8/5/7",2
19/04/2026,ADANA,224457,224471,224472,224469,224456,224467,224468,122195.1,,"4/5,10/4,12/13/8/2,3,4,7,9,10,11/6,10,11,13,18",3
19/04/2026,ISTANBUL,224462,224458,224461,224463,224464,224460,224465,219072.3,,"4/5/3/6/4/1,3,4/2",3
20/04/2026,BURSA,224502,224513,224499,224506,224511,224512,224509,70802.2,,2/3/9/3/2/1/7,3
20/04/2026,SANLIURFA,224503,224507,224508,224501,224505,224497,224510,14181.9,,"6,9/5/1/3/6/1,4/10",2
21/04/2026,ELAZIG,224518,224515,224517,224519,224516,224521,224514,712730.1,,"6/2/1,6,8/2,3,6,7/5/5/6",2
21/04/2026,KOCAELI,224528,224526,224527,224522,224523,224525,224529,38777.8,,"3/6/2,7/5/5/2/3",2
22/04/2026,ELAZIG,224537,224534,224532,224539,224533,224541,224540,,830111.7,4/2/7/7/9/2/7,1
22/04/2026,ISTANBUL,224536,224546,224531,224545,224538,224544,224530,,878161.9,"5/6/8/2,9,12/7/7/3",3
23/04/2026,ANKARA,224569,224549,224563,224565,224561,224566,224550,52554.4,,"2/9/4/3/3,4,5,6,10,11,15,16/10/9",3
23/04/2026,IZMIR,224547,224564,224570,224558,224559,224548,224567,,693262.9,"2/8/2/6/1,2/6/9",2
24/04/2026,BURSA,224599,224603,224589,224605,224600,224604,224587,53716.6,,3/2/1/3/4/3/4,4
24/04/2026,ISTANBUL,224595,224592,224596,224594,224593,224598,224590,579101.6,,2/5/4/1/1/6/6,3
25/04/2026,ANKARA,224614,224621,224624,224612,224617,224622,224609,45284.8,,"6/10,11/10/10/1/7/3",1
25/04/2026,IZMIR,224623,224627,224607,224616,224625,224608,224628,556722.1,,"1/14/4/1,5,9,10/4/5/6,7,14",3
26/04/2026,ADANA,224641,224640,224645,224642,224644,224632,224639,,437968.3,8/10/1/1/5/6/1,3
26/04/2026,ISTANBUL,224634,224629,224637,224635,224636,224630,224638,,1132651.3,"7/2,3,5/2/6/4/9/5",2
27/04/2026,BURSA,224651,224657,224646,224654,224656,224647,224655,51135.4,,"2,4/9/1/5/3/2/4",3
27/04/2026,SANLIURFA,224660,224661,224648,224663,224658,224650,224659,,159892.7,"2/15/12/8,9/3/3/5,12,16",3
28/04/2026,ELAZIG,224669,224664,224673,224674,224672,224671,224670,55344.6,,"1,2/7/3/2/3,5/8/9,11",2
28/04/2026,KOCAELI,224667,224681,224678,224679,224677,224668,224680,,319382.8,6/4/8/1/5/5/6,4
29/04/2026,ELAZIG,224691,224685,224686,224689,224690,224688,224684,6735.7,,"1/1/4/4,5,11/1,9/4/5,9",2
29/04/2026,ISTANBUL,224696,224694,224699,224697,224692,224682,224698,228279.8,,4/4/7/4/1/4/3,3
30/04/2026,ANKARA,224711,224717,224703,224708,224712,224714,224704,63157.7,,1/5/15/5/7/8/1,3
30/04/2026,IZMIR,224702,224710,224718,224706,224719,224700,224716,361243.3,,6/6/4/6/10/3/4,3
01/05/2026,BURSA,224748,224749,224735,224750,224747,224736,224752,,444959.9,"7/4,9,10,12,13/15/5,8,14/1/16/15",3
01/05/2026,ISTANBUL,224744,224738,224740,224741,224739,224742,224737,49670.3,,"6/8,16/6,10/1/4,12,13/7/11",3
02/05/2026,ANKARA,224763,224761,224753,224764,224759,224754,224762,1127.5,,"2,4/3/3,4,6,7/1/1/1,3,6/7",2
02/05/2026,IZMIR,224757,224767,224775,224758,224773,224756,224772,,301745.4,"11/1/4/2/1/3,6,7,10/4,11",3
03/05/2026,ISTANBUL,224796,224799,224792,224800,224797,224801,224798,188305.7,,5/10/12/11/3/7/9,3
04/05/2026,BURSA,224821,224813,224823,224824,224822,224812,224825,16457.8,,"8/9/4/2,5,12/1,5/6/15",3
04/05/2026,SANLIURFA,224816,224810,224818,224819,224815,224811,224817,23843.9,,"1,2/9/3/6,9/1,6/3/9",2
05/05/2026,ANKARA,224831,224841,224840,224828,224829,224830,224842,,413821.1,5/14/15/6/3/7/9,2
05/05/2026,KOCAELI,224832,224836,224839,224826,224833,224834,224835,942228.1,,"3/2,10/14/2/7/5/4",3
06/05/2026,ELAZIG,224845,224851,224853,224849,224848,224846,224847,,415246.7,"6/3,4/9/3/1/3/5",2
06/05/2026,ISTANBUL,224857,224860,224843,224859,224854,224844,224858,,574535.5,3/8/15/5/1/2/6,3
07/05/2026,ANKARA,224866,224874,224871,224864,224868,224861,224870,1014825.9,,"1/9/8/5/4/3,6/2",2
07/05/2026,IZMIR,224875,224865,224873,224869,224863,224867,224872,32757.9,,2/9/2/4/3/1/9,2
08/05/2026,BURSA,224889,224879,224896,224892,224878,224895,224894,,319484.0,3/5/9/3/1/14/6,3
08/05/2026,ISTANBUL,224885,224888,224882,224887,224884,224881,224886,1384483.1,,"4/2/1/5/5/4,6/2",3
09/05/2026,ANKARA,224904,224912,224910,224907,224909,224898,224905,224008.4,,"2/4/6/1/11/4/6,10,12,16",3
09/05/2026,IZMIR,224902,224913,224906,224901,224903,224900,224914,,271081.8,"6/9/9/3/9/2,4/6",3
10/05/2026,ADANA,224925,224933,224924,224935,224936,224938,224937,,1540249.7,6/13/6/1/7/3/6,3
10/05/2026,ISTANBUL,224931,224927,224921,224928,224929,224926,224922,,737001.1,1/8/1/10/3/1/1,3
11/05/2026,BURSA,224942,224957,224954,224956,224950,224952,224953,27317.9,,1/8/12/2/3/4/11,4
11/05/2026,SANLIURFA,224944,224946,224947,224945,224948,224940,224949,,194463.5,3/9/1/6/1/10/4,2
12/05/2026,ANKARA,224974,224964,224972,224966,224963,224965,224960,,371764.8,2/2/12/2/5/6/16,3
12/05/2026,KOCAELI,224971,224970,224969,224968,224967,224959,224973,,389275.7,1/3/7/1/1/5/2,2
13/05/2026,ELAZIG,224986,224989,224979,224983,224985,224984,224977,65834.7,,"2/5,12/2/8,11/1/9/10,11",2
13/05/2026,ISTANBUL,224976,224992,224980,224988,224987,224990,224981,392686.0,,9/8/14/11/7/6/3,2
14/05/2026,ANKARA,224999,225003,224993,225001,225004,225007,224994,61792.6,,"1,3/3/14/1/7/3/15",2
14/05/2026,IZMIR,225002,225008,225000,224997,225005,224995,224998,2537.0,,"2/11/2/1/1,8/5/6",3
15/05/2026,BURSA,225024,225023,225014,225025,225022,225026,225015,303147.9,,"3/5,6,11/8/4/4/1/3",4
15/05/2026,ISTANBUL,225016,225012,225018,225019,225017,225011,225021,212851.1,,2/2/3/7/4/5/6,3
16/05/2026,ANKARA,225047,225033,225038,225036,225044,225041,225032,,331953.6,5/7/9/9/9/3/4,3
16/05/2026,IZMIR,225040,225043,225030,225035,225039,225029,225037,91080.6,,"1/4/11/1,8/1/1/9",3
17/05/2026,ADANA,225068,225073,225071,225056,225070,225057,225069,20135.7,,"2,5/4/1/1,4/4/3/6",3
17/05/2026,ISTANBUL,225062,225060,225065,225058,225064,225061,225059,128116.5,,1/5/5/9/3/2/7,3
18/05/2026,BURSA,225079,225087,225089,225086,225085,225077,225088,,324638.6,1/13/6/2/3/1/19,3
18/05/2026,SANLIURFA,225083,225074,225081,225084,225082,225076,225080,,483744.8,1/12/12/14/6/6/11,2
19/05/2026,ANKARA,225091,225098,225100,225096,225099,225101,225103,165674.7,,"1,2,3,4,5/6/9/8/2/8/8",3
19/05/2026,KOCAELI,225095,225106,225109,225104,225094,225108,225107,22276.6,,7/5/2/2/5/6/8,3
20/05/2026,ELAZIG,225114,225112,225119,225118,225116,225113,225117,137552.4,,2/6/2/3/1/6/11,1
20/05/2026,ISTANBUL,225121,225125,225111,225120,225122,225123,225110,505323.5,,"3/5/9/1/9/1/4,5",2
21/05/2026,ANKARA,225136,225140,225133,225130,225137,225134,225128,,460238.9,1/8/1/1/4/12/2,3
21/05/2026,IZMIR,225127,225141,225142,225131,225135,225132,225143,7354.4,,"3/2,6/1/2/3/7/16",3
22/05/2026,BURSA,225152,225159,225145,225157,225158,225144,225160,,985744.1,"3/10/10/7/4/5,6/17",3
22/05/2026,ISTANBUL,225149,225156,225146,225150,225148,225147,225153,,644494.4,2/6/1/10/1/15/5,2
23/05/2026,ANKARA,225170,225178,225163,225171,225175,225162,225174,23076.8,,"1,7/1/3/2/5,8/3/2",3
23/05/2026,IZMIR,225167,225164,225176,225169,225180,225165,225179,123064.7,,"1/11/2/6/8/4,10/2,12",3
24/05/2026,ADANA,225191,225204,225200,225203,225206,225190,225201,2702.2,,"3,6/3/1,6/11/3/3,6/2,3",3
24/05/2026,ISTANBUL,225197,225188,225192,225196,225194,225187,225199,,1454589.4,3/6/3/3/4/1/13,4
25/05/2026,BURSA,225209,225213,225215,225219,225218,225208,225224,1821689.1,,"2,3,5/7/3/3/5,6/2/11,17",3
25/05/2026,SANLIURFA,225217,225220,225222,225210,225223,225212,225221,17176.6,,"2,3/3/3,15/4/7/1/6,7",2
26/05/2026,ANKARA,225226,225229,225234,225233,225230,225225,225231,190634.7,,"1,3,5,6,8/2/3/4/2/3/11",2
26/05/2026,KOCAELI,225237,225227,225239,225240,225238,225228,225236,,298255.1,"4/3,10/7,14/6/3/7/6",2
27/05/2026,ISTANBUL,225244,225241,225247,225248,225246,225242,225249,,2667338.3,2/12/8/3/5/9/15,4
28/05/2026,ANKARA,225265,225258,225252,225262,225263,225251,225255,,866437.0,"4/1/2,10/1/4/4/8",3
28/05/2026,IZMIR,225261,225253,225269,225268,225257,225254,225267,186551.7,,"3/3,8/12/5/5/6/7",3
29/05/2026,BURSA,225282,225272,225280,225285,225276,225271,225284,570332.4,,"2,5,9/2/1/2/4/7/5",2
29/05/2026,ISTANBUL,225273,225274,225283,225275,225277,225281,225279,2015964.5,,1/7/10/1/4/4/11,2
30/05/2026,ANKARA,225293,225289,225296,225286,225300,225301,225292,23633.3,,"3/5/1/10/9/2,4,5/12",4
30/05/2026,IZMIR,225290,225302,225304,225303,225305,225291,225306,80601.7,,"4/11/1/3/1/6/9,13",2
31/05/2026,ADANA,225326,225315,225327,225328,225331,225313,225330,250841.8,,"3/9/9/7/3,9/3,5/4,13",3
31/05/2026,ISTANBUL,225323,225325,225318,225324,225319,225321,225316,,559546.9,"3/12/2,15/6/10/7/8",4
01/06/2026,BURSA,225335,225344,225343,225347,225342,225348,225345,289371.5,,"5/9/10/5/1,6/2/11,18",3
01/06/2026,SANLIURFA,225339,225341,225336,225337,225332,225340,225338,,209871.2,4/10/4/1/8/6/2,2
02/06/2026,ANKARA,225356,225350,225358,225359,225354,225355,225349,539570.9,,"1/5/10/2/6/3,6/2",2
02/06/2026,KOCAELI,225361,225353,225363,225365,225362,225352,225364,15118.1,,"2/4/2/1/3/2,5/10",3
03/06/2026,ELAZIG,225378,225377,225380,225379,225376,225368,225381,33338.9,,"2/4,7/5/4/6/6/7",2
03/06/2026,ISTANBUL,225372,225366,225373,225370,225375,225367,225371,327494.7,,"4/10/4/4/2/3,4,11/11",2
04/06/2026,ANKARA,225393,225390,225382,225391,225392,225383,225389,7577.4,,"1/8/3/4,5/6/2,6,8,9,10/8,11",4
04/06/2026,KOCAELI,225396,225385,225400,225399,225398,225386,225397,,254503.7,"6/6/4,11/8/1/7/2",3
05/06/2026,BURSA,225413,225404,225421,225419,225418,225420,225406,5397.6,,2/10/1/17/1/6/12,3
05/06/2026,ISTANBUL,225407,225409,225411,225403,225408,225410,225416,1798.6,,"1/7/4/3/3/1/8,11",2
06/06/2026,ANKARA,225436,225422,225431,225430,225432,225427,225423,,479018.1,"7/2/7/1/1/1,4/2,3,6,8",3
06/06/2026,IZMIR,225429,225425,225440,225434,225426,225424,225437,7536.0,,"2/2/1/1/6/2,5,6/4",2
07/06/2026,ISTANBUL,225462,225448,225464,225456,225459,225458,225455,7774.5,,"5/2/1,13,19/8,12/6,7/1/7",3
07/06/2026,IZMIR,225454,225463,225461,225452,225453,225449,225457,,401953.2,"6/1/6/7/1/2,5,9/10",2
08/06/2026,BURSA,225476,225468,225478,225473,225474,225467,225471,48975.7,,7/7/1/6/8/6/1,3
08/06/2026,SANLIURFA,225465,225470,225472,225479,225475,225466,225481,,398668.6,"7/7/4/3/3,14/3/8",2
09/06/2026,ANKARA,225494,225486,225483,225487,225489,225490,225492,950594.7,,"6/7/4,5/1,8/2/10/10",3
09/06/2026,KOCAELI,225485,225496,225484,225497,225488,225498,225499,39496.2,,"2/1/3,5/2/7/3,4/12",2
10/06/2026,ELAZIG,225508,225509,225507,225503,225505,225506,225502,,184748.3,4/9/11/7/5/6/7,2
10/06/2026,ISTANBUL,225501,225512,225510,225514,225516,225513,225511,21588.2,,"2,3,4,6,7/6/1/6/6/2/5",3
11/06/2026,ANKARA,225529,225517,225530,225527,225532,225528,225533,257159.1,,"1/2,4,7,10/6/9/4/5/8",4
11/06/2026,KOCAELI,225525,225537,225540,225523,225538,225536,225539,,323627.7,6/6/13/4/1/3/5,3
12/06/2026,BURSA,225542,225558,225556,225551,225549,225554,225553,96323.1,,"6,7/6/16/1/6/1/11",3
12/06/2026,ISTANBUL,225546,225547,225544,225552,225548,225545,225543,20606.2,,"1/2/4/4,9/1,4/2/5",2
13/06/2026,ANKARA,225573,225574,225559,225565,225568,225571,225560,41802.5,,"2/12/1,17/2/2/5/3",2
13/06/2026,IZMIR,225563,225570,225561,225575,225567,225569,225562,,1064343.5,"4,5/2/7/12/3/3/6",2
14/06/2026,ISTANBUL,225588,225591,225598,225595,225594,225583,225592,7035.9,,"4/6/3,15/6/5/3/6",3
14/06/2026,IZMIR,225586,225596,225584,225597,225587,225585,225589,27816.1,,3/4/7/8/2/1/12,2
15/06/2026,BURSA,225606,225600,225610,225614,225615,225601,225612,,230732.7,3/11/4/5/3/9/4,3
16/06/2026,ANKARA,225623,225619,225616,225622,225624,225620,225617,10827.6,,"4/8/3/6/4/2,5/7,11",3
16/06/2026,KOCAELI,225627,225625,225629,225626,225628,225630,225631,885759.6,,3/9/5/6/1/3/6,1
17/06/2026,ELAZIG,225645,225644,225634,225642,225643,225635,225646,,344514.5,"5/6/3/1/1/12,13/7",2
17/06/2026,ISTANBUL,225633,225640,225632,225641,225639,225638,225636,164840.8,,"1/1/3/2,5/4/1/7",2
18/06/2026,ANKARA,225652,225659,225655,225653,225657,225658,225654,,495811.8,"3/4/4/8/5/8/1,4",2
18/06/2026,KOCAELI,225661,225650,225665,225662,225664,225651,225663,,391705.6,2/9/1/7/4/1/5,2
19/06/2026,BURSA,225666,225683,225678,225673,225680,225675,225682,,495191.4,7/3/11/8/6/2/7,3
19/06/2026,ISTANBUL,225671,225669,225684,225668,225672,225677,225681,,323276.8,12/6/5/5/8/5/7,2
20/06/2026,ANKARA,225699,225698,225685,225697,225702,225687,225703,,871129.6,"2/6/7/7/3/1,5/3,5",4
20/06/2026,IZMIR,225694,225693,225688,225690,225692,225691,225696,18416.0,,"1/1,2/1,2,4,6/6/4/4/6",3
21/06/2026,ISTANBUL,225712,225728,225724,225727,225723,225725,225711,,868524.8,"11/8/9/7/1/4/2,3",4
21/06/2026,IZMIR,225717,225722,225715,225726,225720,225714,225718,165876.7,,"1/6/1/8/1/1,2/2",2
22/06/2026,BURSA,225741,225746,225747,225733,225742,225731,225744,130426.0,,"3/3/10,16/8,9/3/8/10,11",4
22/06/2026,ELAZIG,225734,225739,225730,225740,225735,225736,225729,,565616.7,"3/1,10/10/2/2,5/10/4",2
23/06/2026,ANKARA,225750,225751,225759,225752,225753,225757,225756,36304.3,,3/1/5/1/5/1/6,2
23/06/2026,KOCAELI,225755,225749,225763,225760,225761,225762,225748,203156.4,,1/2/8/3/3/1/2,2
24/06/2026,ELAZIG,225773,225775,225768,225770,225777,225767,225779,,786401.0,"1/11/10/6,7,10,11/1/7/7,8",2
24/06/2026,ISTANBUL,225778,225780,225774,225776,225769,225765,225781,254921.2,,2/8/9/2/3/4/8,3
25/06/2026,BURSA,225798,225797,225785,225799,225801,225784,225803,7795.0,,1/7/1/8/4/3/2,4
25/06/2026,ISTANBUL,225794,225796,225783,225790,225792,225787,225795,476786.2,,4/2/5/10/3/8/8,3
26/06/2026,ANKARA,225812,225807,225814,225813,225809,225810,225806,,430697.3,3/6/10/4/3/5/9,3
26/06/2026,KOCAELI,225816,225819,225815,225820,225817,225804,225821,1309.8,,2/1/11/3/4/2/3,2
27/06/2026,ANKARA,225825,225830,225827,225826,225831,225828,225823,140157.4,,"5/2/4,8/6/3/3/8,14",2
27/06/2026,IZMIR,225836,225829,225824,225832,225835,225822,225834,6893.9,,"6/4/4/3/5/1,6/11",1
28/06/2026,ISTANBUL,225847,225854,225859,225845,225852,225857,225851,156530.5,,"4,14/2/11/5/2/7/6",3
29/06/2026,BURSA,225871,225872,225869,225875,225874,225873,225876,18681.4,,"4/3,6/3/5/7/1,6/9",3
29/06/2026,ELAZIG,225864,225861,225866,225867,225863,225860,225868,,1012401.5,4/1/8/2/6/5/12,2
30/06/2026,ANKARA,225881,225884,225887,225879,225885,225883,225886,6565.3,,"3/3/10/2/3/1,2/3",2
30/06/2026,KOCAELI,225878,225888,225892,225889,225891,225877,225893,39090.9,,"2/2,7/7/2/2/4,6,7/5",2
01/07/2026,ELAZIG,225894,225902,225899,225898,225900,225895,225903,,1432695.38,1/9/12/8/2/6/7,1
01/07/2026,ISTANBUL,225904,225896,225905,225906,225909,225897,225907,,238124.88,2/11/6/4/3/9/4,3
02/07/2026,ANKARA,225921,225914,225912,225923,225916,225911,225922,51935.1,,"3/5/1,2,6,9/6/10/2/1,6",4
02/07/2026,KOCAELI,225927,225930,225929,225926,225931,225925,225932,43889.6,,3/2/4/4/3/4/10,2
03/07/2026,BURSA,225947,225937,225942,225944,225945,225936,225950,4019.6,,"2/1,8/1/1/1,2,4/11,13/2",4
03/07/2026,ISTANBUL,225938,225952,225934,225943,225940,225941,225953,39979.4,,5/11/6/8/5/3/7,3
04/07/2026,ANKARA,225967,225964,225969,225971,225973,225963,225972,306219.9,,"7/5/9/1/4/1/1,4",3
04/07/2026,IZMIR,225978,225976,225966,225974,225975,225980,225965,8638.5,,"3/9/3/9/5/1/7,12",1
05/07/2026,ISTANBUL,225996,225987,226002,225994,225998,225986,226001,292543.9,,"1/1/8/2,8/3/4/2",4
05/07/2026,IZMIR,225991,225988,226000,225995,225989,225992,225993,30968.6,,"1/1/4/4/1,4,6/1/5",2
06/07/2026,BURSA,226016,226006,226017,226022,226018,226020,226021,327328.5,,"5/11/2/1/3,4/3/11",5
06/07/2026,ELAZIG,226009,226005,226014,226011,226013,226004,226010,443952.0,,"5/4,9/6/1,4/3/1,3/6,7",2
07/07/2026,ANKARA,226028,226035,226034,226033,226024,226030,226023,,436783.32,"4/5/6/6/11/5/2,6,8,9",3
07/07/2026,KOCAELI,226032,226040,226036,226038,226025,226039,226026,,374349.6,"2/11/9/4/2,5/7/2",3
08/07/2026,ISTANBUL,226045,226047,226049,226046,226048,226041,226042,25311.4,,"1,2,3/2/6/5/7/4,5,10/6",3
09/07/2026,ANKARA,226059,226061,226066,226064,226063,226062,226071,50426.5,,"2/5,8/3/1/2/6/4",2
09/07/2026,KOCAELI,226067,226074,226057,226065,226073,226058,226069,78377.0,,3/6/5/6/5/1/9,3
10/07/2026,BURSA,226087,226092,226078,226091,226086,226089,226077,,242701.92,3/1/1/1/6/3/6,4
10/07/2026,ISTANBUL,226080,226076,226085,226084,226083,226082,226075,112519.0,,"5/3,8,9,12/7/3/5/4/11",2
11/07/2026,ANKARA,226097,226099,226093,226101,226100,226102,226094,72649.9,,"3,5/10/3/6/4/3/4",3
11/07/2026,IZMIR,226104,226098,226109,226105,226106,226096,226108,98107.7,,"2,3,10/2/7,13/4/3/4/4",1
12/07/2026,ISTANBUL,226125,226129,226130,226127,226132,226124,226126,483048.3,,"3/7/2/2/8/5,7/4,9",3
12/07/2026,IZMIR,226118,226122,226117,226120,226121,226119,226116,54954.9,,3/2/4/3/3/5/6,2
13/07/2026,BURSA,226140,226134,226150,226147,226146,226138,226145,674032.3,,"1,2/4,6/11/4/2/7/11",4
13/07/2026,ELAZIG,226141,226135,226143,226142,226144,226136,226151,,96531.48,"2/1,4/14/6/9/10/12",2
14/07/2026,ANKARA,226156,226165,226163,226164,226168,226155,226167,27475.3,,"7/5/2/8/7/1,7,8/5,13",3
14/07/2026,KOCAELI,226159,226152,226161,226154,226160,226169,226162,,313107.12,"6/5,6,7,8/4/4/10/6/11",3
15/07/2026,ELAZIG,226173,226171,226176,226175,226174,226177,226170,,273083.4,"2/12/8,10/8/6/4/12",2
15/07/2026,ISTANBUL,226178,226188,226190,226180,226181,226183,226179,17597.5,,"3/8/3/5,8/3/3/5,10",3
16/07/2026,ANKARA,226207,226213,226192,226211,226206,226205,226191,454800.9,,"2/7/8/1,8,10/6/3/1",2
16/07/2026,KOCAELI,226202,226200,226204,226212,226203,226199,226214,,615010.32,1/11/7/8/2/2/8,3
17/07/2026,BURSA,226227,226215,226223,226233,226231,226217,226232,143483.4,,4/2/3/4/2/3/11,4
17/07/2026,ISTANBUL,226225,226221,226219,226229,226234,226218,226236,5296.0,,"4/5/9/3,6/1/2/10",4
18/07/2026,ANKARA,226247,226244,226237,226242,226245,226246,226238,170016.3,,1/9/7/3/8/7/4,2
18/07/2026,IZMIR,226243,226250,226240,226254,226253,226241,226261,2794.9,,"3,7/4/10/3/10/1,2,5/1,2,4",3
19/07/2026,ISTANBUL,226278,226270,226275,226277,226274,226272,226269,231073.9,,3/6/6/7/2/4/12,4
19/07/2026,IZMIR,226273,226279,226281,226271,226284,226276,226283,23214.2,,3/7/1/1/1/3/2,1
20/07/2026,BURSA,226300,226285,226297,226301,226291,226299,226302,,130669.2,4/1/2/6/3/14/4,4
20/07/2026,ELAZIG,226290,226288,226294,226296,226292,226287,226293,,477109.44,3/13/8/6/6/2/3,2
21/07/2026,ANKARA,226307,226306,226304,226311,226309,226310,226303,256058.2,,3/8/5/3/1/6/6,3
21/07/2026,KOCAELI,226313,226312,226316,226317,226318,226314,226319,161723.3,,"1/1,9/2/4/2/6/10",2
22/07/2026,ELAZIG,226320,226325,226328,226329,226322,226321,226332,,785396.52,"2/5/11/4/5/4,7/9",2
22/07/2026,ISTANBUL,226334,226340,226333,226339,226330,226326,226338,12097.6,,2/5/1/5/8/2/10,2
23/07/2026,ANKARA,226341,226344,226354,226343,226342,226345,226348,245967.3,,3/1/3/7/1/2/5,2
23/07/2026,KOCAELI,226350,226355,226351,226346,226349,226347,226356,33654.4,,1/3/9/3/5/2/10,2
24/07/2026,BURSA,226369,226371,226367,226370,226362,226379,226374,,444915.72,"6/4,6/1/5/3/3/8",5
24/07/2026,ISTANBUL,226363,226366,226360,226365,226364,226357,226375,3349.4,,"2,4/9/2,7/3/6/1,2/2",4
25/07/2026,ANKARA,226382,226387,226386,226380,226381,226384,226385,783835.9,,7/11/6/5/2/3/4,1
25/07/2026,IZMIR,226388,226401,226393,226392,226391,226390,226399,1289.1,,"1/10/7,8/2/2/1/2",1
26/07/2026,ISTANBUL,226403,226404,226415,226414,226416,226417,226418,373182.1,,"7/5,6/3/10/9/3/3",4
26/07/2026,IZMIR,226405,226409,226412,226407,226408,226406,226410,47169.9,,3/2/14/2/5/2/7,1
27/07/2026,BURSA,226433,226426,226436,226434,226427,226420,226435,396155.8,,"3,5/5/13/1,2/5/2/16",4
27/07/2026,ELAZIG,226429,226422,226424,226428,226423,226430,226425,,980596.8,"1/7/3/12/5/5,8/10",2
28/07/2026,ANKARA,226445,226438,226442,226447,226444,226446,226448,6637.0,,5/6/6/2/6/4/5,2
28/07/2026,KOCAELI,226451,226454,226439,226452,226453,226441,226449,24904.6,,1/10/7/2/2/3/4,3
29/07/2026,ELAZIG,226462,226463,226455,226460,226458,226456,226459,,1337558.4,"2/6,9/5/2/6/10/15",2
29/07/2026,ISTANBUL,226465,226470,226468,226467,226466,226469,226471,104045.7,,"6/3/3/6/1/6,9/6",2
30/07/2026,ANKARA,226473,226483,226480,226477,226479,226472,226478,,341187.12,6/3/1/8/6/6/8,3
30/07/2026,KOCAELI,226485,226489,226475,226491,226490,226487,226476,209361.2,,"4/3/6/3,4/7/1/11",4
31/07/2026,BURSA,226497,226492,226511,226501,226503,226493,226508,,269734.32,"2/15/14/2/5/8,15/12",4
31/07/2026,ISTANBUL,226504,226499,226495,226509,226502,226506,226505,,350860.68,2/3/8/5/1/3/10,2
01/08/2026,ANKARA,226521,226522,226514,226519,226518,226524,226513,17720.9,,8/2/4/4/1/4/4,3
01/08/2026,IZMIR,226517,226525,226526,226516,226523,226515,226528,,254462.04,"9/4,7,8/3/8/2/6/5",2
02/08/2026,ISTANBUL,226538,226550,226547,226553,226551,226548,226540,1132874.6,,"7,10/6/5,13/8/7/1,3/2",4
02/08/2026,IZMIR,226542,226545,226541,226546,226544,226543,226549,1341483.1,,1/1/1/1/8/3/5,1
03/08/2026,BURSA,226561,226555,226565,226562,226559,226563,226564,27076.9,,"1/7/2/9/1,2,7/1,8,10/3",3
03/08/2026,ELAZIG,226569,226568,226557,226570,226567,226566,226571,,2184923.16,"7/4/6/5/6,8,11/2/14",2
04/08/2026,ANKARA,226576,226574,226587,226579,226580,226575,226583,163982.3,,"5,7/1,4/2/1/1/9/13",2
04/08/2026,KOCAELI,226582,226572,226588,226584,226581,226585,226586,95335.5,,4/6/8/2/2/4/8,3
05/08/2026,ELAZIG,226601,226602,226592,226603,226605,226599,226591,,2877379.2,5/3/3/1/2/1/12,2
05/08/2026,ISTANBUL,226596,226597,226590,226594,226600,226598,226589,,408053.16,3/3/2/1/3/1/5,3
06/08/2026,ANKARA,226609,226611,226614,226615,226610,226613,226608,19016.2,,"3/2/4/8/1/5/10,11",2
06/08/2026,KOCAELI,226617,226618,226621,226620,226616,226607,226619,,453605.4,1/5/7/2/6/5/2,2
07/08/2026,BURSA,226634,226639,226636,226622,226630,226627,226628,,269499.96,3/2/5/7/2/2/9,4
07/08/2026,ISTANBUL,226635,226640,226624,226638,226631,226625,226637,5255.7,,"4/15/1/4/1,3/1/16",3
08/08/2026,ANKARA,226646,226645,226647,226649,226653,226648,226654,,215939.52,"3/5,13/5/1,7,8/3/5/12",2
08/08/2026,IZMIR,226652,226642,226655,226658,226657,226644,226662,,259622.28,"3/8,9/2/3/6/2/2",2
09/08/2026,ISTANBUL,226669,226675,226668,226670,226671,226672,226673,219515.4,,"6/10,12/9/1/1/1/5",2
09/08/2026,IZMIR,226667,226680,226681,226677,226678,226666,226679,144561.6,,"2/3/3,5/1/2/8/1,10",2
10/08/2026,BURSA,226695,226701,226684,226700,226697,226703,226685,,545715.36,"6/9,10/7,12/3/6/19/2",4
10/08/2026,ELAZIG,226683,226687,226692,226682,226691,226686,226693,,3380570.64,2/10/13/6/10/5/3,2
11/08/2026,ANKARA,226715,226710,226708,226711,226709,226714,226706,42965.7,,7/9/3/5/3/9/4,3
11/08/2026,KOCAELI,226721,226716,226720,226718,226719,226704,226722,,825111.36,"5/5/5/4,9/3/1/10",3
12/08/2026,ELAZIG,226735,226739,226728,226732,226727,226731,226738,,4169907.0,"3/8/4/2,3/2/8/2,11",2
12/08/2026,ISTANBUL,226729,226737,226725,226734,226733,226740,226723,,327210.84,"1/5/1,4/6/3/3/5",4
13/08/2026,ANKARA,226752,226747,226751,226757,226742,226754,226750,,303193.8,"6/5/6/2/2,3,5/8/1",3
13/08/2026,KOCAELI,226746,226745,226753,226755,226759,226744,226749,,1310628.6,1/4/7/2/6/3/11,3
14/08/2026,BURSA,226770,226772,226760,226773,226774,226777,226761,96857.5,,5/2/10/2/4/10/4,4
14/08/2026,ISTANBUL,226764,226763,226766,226765,226771,226767,226775,,758562.84,"1/12/3,7/3/4/7/8",2
15/08/2026,ANKARA,226785,226786,226784,226783,226788,226789,226778,32701.3,,1/10/1/2/5/6/1,3
15/08/2026,IZMIR,226799,226782,226791,226790,226794,226780,226800,,272149.2,"2/5,6/9/5/3,4/2,3,10/7,13",2
16/08/2026,ISTANBUL,226817,226819,226801,226816,226815,226818,226803,38832.5,,4/2/1/5/1/6/10,4
16/08/2026,IZMIR,226806,226810,226809,226807,226812,226804,226808,29102.0,,"3,4/2/4/5/2/3/1",2
17/08/2026,BURSA,226833,226836,226838,226835,226832,226822,226837,,244005.48,3/8/6/2/4/8/19,5
17/08/2026,ELAZIG,226825,226830,226824,226829,226828,226826,226823,,4981935.24,"3/10/10/2,13/6/1/8",2
18/08/2026,ANKARA,226843,226839,226848,226844,226847,226846,226845,51583.0,,"4/8/1/6/5,6/2/3",2
18/08/2026,KOCAELI,226849,226841,226854,226850,226852,226851,226853,466730.1,,"1,4/12/7/5/4/3/6",2
19/08/2026,ELAZIG,226858,226860,226857,226856,226862,226859,226864,964711.9,,"9/9,11/12/1/10/2/2",2
19/08/2026,ISTANBUL,226863,226868,226861,226867,226869,226865,226870,,294999.84,1/11/11/5/9/5/7,2
20/08/2026,ANKARA,226875,226877,226876,226879,226878,226874,226882,,372495.24,"7/7/3/5/6/5/9,14,15",2
20/08/2026,KOCAELI,226883,226886,226873,226885,226888,226887,226872,1503.3,,"1,3/5,13/12/3,5/1/6/1,4",3
21/08/2026,BURSA,226904,226893,226905,226906,226902,226907,226901,107017.0,,"2/11/6/1/6/2,12/8,9",5
21/08/2026,ISTANBUL,226895,226889,226908,226896,226898,226891,226909,176472.2,,"5/1/6/2/2/7,9/12",4
22/08/2026,ANKARA,226916,226917,226912,226915,226918,226920,226930,19929.9,,1/7/7/5/3/7/1,1
22/08/2026,IZMIR,226923,226922,226911,226921,226913,226919,226910,70812.4,,"3/6/7/2,8/2/6/1,11",1
23/08/2026,ISTANBUL,226943,226935,226936,226944,226932,226941,226940,,549946.8,2/4/6/1/4/7/8,3
23/08/2026,IZMIR,226945,226934,226937,226939,226942,226933,226946,,563767.56,6/5/2/10/2/7/15,1
